新增产品ID,产品名称,腾讯动漫
D0000012,,http://ac.qq.com/Comic/comicInfo/id/621912
D0000014,,http://ac.qq.com/Comic/comicInfo/id/540471
D0000016,,http://ac.qq.com/Comic/comicInfo/id/540627
D0000017,,http://ac.qq.com/Comic/comicInfo/id/552896
D0000018,,http://ac.qq.com/Comic/comicInfo/id/521825
D0000019,,http://ac.qq.com/Comic/comicInfo/id/17114
D0000020,,http://ac.qq.com/Comic/comicInfo/id/552724
D0000021,,http://ac.qq.com/Comic/comicInfo/id/531040
D0000022,,http://ac.qq.com/Comic/comicInfo/id/519855
D0000023,,http://ac.qq.com/Comic/comicInfo/id/511915
D0000024,,http://ac.qq.com/Comic/comicInfo/id/531490
D0000025,,http://ac.qq.com/Comic/comicInfo/id/535435
D0000027,,http://ac.qq.com/Comic/comicInfo/id/525550
D0000029,,http://ac.qq.com/Comic/comicInfo/id/518333
D0000030,,http://ac.qq.com/Comic/comicInfo/id/551098
D0000031,,http://ac.qq.com/Comic/comicInfo/id/550693
D0000032,,http://ac.qq.com/Comic/comicInfo/id/622064
D0000033,,http://ac.qq.com/Comic/comicInfo/id/535731
D0000034,,http://ac.qq.com/Comic/comicInfo/id/552688
D0000035,,http://ac.qq.com/Comic/comicInfo/id/549534
D0000036,,http://ac.qq.com/Comic/comicInfo/id/536658
D0000037,,http://ac.qq.com/Comic/comicInfo/id/540432
D0000038,,http://ac.qq.com/Comic/comicInfo/id/622890
D0000039,,http://ac.qq.com/Comic/comicInfo/id/524356
D0000040,,http://ac.qq.com/Comic/comicInfo/id/550511
D0000041,,http://ac.qq.com/Comic/comicInfo/id/531475
D0000042,,http://ac.qq.com/Comic/comicInfo/id/623537
D0000043,,http://ac.qq.com/Comic/comicInfo/id/541812
D0000044,,http://ac.qq.com/Comic/comicInfo/id/512742
D0000045,,http://ac.qq.com/Comic/comicInfo/id/530969
D0000046,,http://ac.qq.com/Comic/comicInfo/id/523194
D0000047,,http://ac.qq.com/Comic/comicInfo/id/536435
D0000048,,http://ac.qq.com/Comic/comicInfo/id/535684
D0000050,,http://ac.qq.com/Comic/comicInfo/id/533065
D0000053,,http://ac.qq.com/Comic/comicInfo/id/630166
D0000054,,http://ac.qq.com/Comic/comicInfo/id/630157
D0000055,,http://ac.qq.com/Comic/comicInfo/id/545320
D0000060,,http://ac.qq.com/Comic/comicInfo/id/553882
D0000061,,http://ac.qq.com/Comic/comicInfo/id/536901
D0000062,,http://ac.qq.com/Comic/comicInfo/id/553892
D0000064,,http://ac.qq.com/Comic/comicInfo/id/553634
D0000065,,http://ac.qq.com/Comic/comicInfo/id/536716
D0000067,,http://ac.qq.com/Comic/comicInfo/id/536332
D0000072,,http://ac.qq.com/Comic/comicInfo/id/459294
D0000073,,http://ac.qq.com/Comic/comicInfo/id/553681
D0000074,,http://ac.qq.com/Comic/comicInfo/id/531945
D0000075,,http://ac.qq.com/Comic/comicInfo/id/628327
D0000077,,http://ac.qq.com/Comic/comicInfo/id/536705
D0000078,,http://ac.qq.com/Comic/comicInfo/id/545574
D0000079,,http://ac.qq.com/Comic/comicInfo/id/541785
D0000080,,http://ac.qq.com/Comic/comicInfo/id/553675
D0000082,,http://ac.qq.com/Comic/comicInfo/id/553644
D0000083,,http://ac.qq.com/Comic/comicInfo/id/630156
D0000084,,http://ac.qq.com/Comic/comicInfo/id/534719
D0000085,,http://ac.qq.com/Comic/comicInfo/id/622265
D0000086,,http://ac.qq.com/Comic/comicInfo/id/622297
D0000087,,http://ac.qq.com/Comic/comicInfo/id/540805
D0000088,,http://ac.qq.com/Comic/comicInfo/id/552681
D0000089,,http://ac.qq.com/Comic/comicInfo/id/542243
D0000090,,http://ac.qq.com/Comic/comicInfo/id/511685
D0000092,,http://ac.qq.com/Comic/comicInfo/id/634021
D0000097,,http://ac.qq.com/Comic/comicInfo/id/553078
D0000099,,http://ac.qq.com/Comic/comicInfo/id/621479
D0000100,,http://ac.qq.com/Comic/comicInfo/id/621536
D0000101,,http://ac.qq.com/Comic/comicInfo/id/624324
D0000102,,http://ac.qq.com/Comic/comicInfo/id/623281
D0000106,,http://ac.qq.com/Comic/comicInfo/id/628432
D0000107,,http://ac.qq.com/Comic/comicInfo/id/552918
D0000108,,http://ac.qq.com/Comic/comicInfo/id/629520
D0000109,,http://ac.qq.com/Comic/comicInfo/id/532450
D0000110,,http://ac.qq.com/Comic/comicInfo/id/552700
D0000132,,http://ac.qq.com/Comic/comicInfo/id/621061
D0000133,,http://ac.qq.com/Comic/comicInfo/id/630140
D0000134,,http://ac.qq.com/Comic/comicInfo/id/627521
D0000135,,http://ac.qq.com/Comic/comicInfo/id/630139
D0000136,,http://ac.qq.com/Comic/comicInfo/id/526730
D0000137,,http://ac.qq.com/Comic/comicInfo/id/530955
D0000138,,http://ac.qq.com/Comic/comicInfo/id/630977
D0000139,,http://ac.qq.com/Comic/comicInfo/id/629503
D0000140,,http://ac.qq.com/Comic/comicInfo/id/629440
D0000141,,http://ac.qq.com/Comic/comicInfo/id/542007
D0000144,,http://ac.qq.com/Comic/comicInfo/id/621915
D0000145,,http://ac.qq.com/Comic/comicInfo/id/533395
D0000146,,http://ac.qq.com/Comic/comicInfo/id/522924
D0000147,,http://ac.qq.com/Comic/comicInfo/id/624566
D0000148,,http://ac.qq.com/Comic/comicInfo/id/531789
D0000183,,http://ac.qq.com/Comic/comicInfo/id/6
D0000197,,http://ac.qq.com/Comic/comicInfo/id/529810
D0000199,,http://ac.qq.com/Comic/comicInfo/id/275832
D0000200,,http://ac.qq.com/Comic/comicInfo/id/2574
D0000201,,http://ac.qq.com/Comic/comicInfo/id/508557
D0000202,,http://ac.qq.com/Comic/comicInfo/id/10460
D0000203,,http://ac.qq.com/Comic/comicInfo/id/492797
D0000204,,http://ac.qq.com/Comic/comicInfo/id/460066
D0000205,,http://ac.qq.com/Comic/comicInfo/id/522388
D0000206,,http://ac.qq.com/Comic/comicInfo/id/629080
D0000207,,http://ac.qq.com/Comic/comicInfo/id/521071
D0000208,,http://ac.qq.com/Comic/comicInfo/id/530955
D0000210,DOLO命运胶囊,
D0000211,奥拉星・平行宇宙,http://ac.qq.com/Comic/comicInfo/id/635061
D0000211,,http://ac.qq.com/Comic/comicInfo/id/635061
D0000212,城市王子与土著少女,
D0000213,丑女的后宫法则,http://ac.qq.com/Comic/comicInfo/id/624565
D0000213,,http://ac.qq.com/Comic/comicInfo/id/624565
D0000214,穿越西元3000后,
D0000215,当校霸爱上学霸,
D0000216,厄运之王,
D0000217,给我哭,
D0000218,攻略妖男的一万种姿势,http://ac.qq.com/Comic/comicInfo/id/633629
D0000218,,http://ac.qq.com/Comic/comicInfo/id/633629
D0000219,诡异奇谈,
D0000220,过度接触,
D0000221,化龙记,http://ac.qq.com/Comic/comicInfo/id/549352
D0000221,,http://ac.qq.com/Comic/comicInfo/id/549352
D0000222,恋是樱草色,
D0000223,六月的不可思议,
D0000224,魔道祖师,
D0000225,魔王老公欠调教,http://ac.qq.com/Comic/comicInfo/id/622530
D0000225,,http://ac.qq.com/Comic/comicInfo/id/622530
D0000226,女子学院的男生,http://ac.qq.com/Comic/comicInfo/id/552065
D0000226,,http://ac.qq.com/Comic/comicInfo/id/552065
D0000227,前任战争,
D0000228,杀手古德,
D0000229,沈升,
D0000230,嗜谎之神,
D0000231,王牌校草,http://ac.qq.com/Comic/comicInfo/id/542724
D0000231,,http://ac.qq.com/Comic/comicInfo/id/542724
D0000232,王爷不要啊,http://ac.qq.com/Comic/comicInfo/id/547873
D0000232,,http://ac.qq.com/Comic/comicInfo/id/547873
D0000233,我家少主计无双,
D0000234,吾凰在上,
D0000235,雪国,
D0000236,一代灵后,
D0000237,一言不合就吸血,
D0000238,永恒至尊,http://ac.qq.com/Comic/comicInfo/id/635854
D0000238,,http://ac.qq.com/Comic/comicInfo/id/635854
D0000239,宇宙琴未响,
D0000240,灶神4917,
D0000241,泽上寂寞萤火,
D0000242,重生之都市修仙,http://ac.qq.com/Comic/comicInfo/id/632719
D0000242,,http://ac.qq.com/Comic/comicInfo/id/632719
D0000243,重生只为睡影帝,http://ac.qq.com/Comic/comicInfo/id/552688
D0000243,,http://ac.qq.com/Comic/comicInfo/id/552688
D0000244,驭灵师,http://ac.qq.com/Comic/comicInfo/id/542330
D0000244,,http://ac.qq.com/Comic/comicInfo/id/542330
D0000245,麻辣千金斗恶少,http://ac.qq.com/Comic/ComicInfo/id/630757
D0000245,,http://ac.qq.com/Comic/ComicInfo/id/630757
D0000246,爱神巧克力进行时,http://ac.qq.com/Comic/ComicInfo/id/530456
D0000246,,http://ac.qq.com/Comic/ComicInfo/id/530456
D0000247,恋上一屋吸血鬼,http://ac.qq.com/Comic/ComicInfo/id/634960
D0000247,,http://ac.qq.com/Comic/ComicInfo/id/634960
D0000248,铁姬钢兵,http://ac.qq.com/Comic/ComicInfo/id/547921
D0000248,,http://ac.qq.com/Comic/ComicInfo/id/547921
D0000249,成也萧河,
D0000250,闪恋薄荷糖,
D0000251,狼的谎言,
D0000252,别闹！我想静静……,
D0000253,第五人格漫画,
D0000254,空心恋人,
D0000255,邪君宠-貂蝉,
D0000256,血族禁域,
D0000257,寻找前世之旅,
D0000258,九九八十一,http://ac.qq.com/Comic/comicInfo/id/532220
D0000258,,http://ac.qq.com/Comic/comicInfo/id/532220
D0000259,赤色四叶草,
D0000260,成也萧何,
D0000261,爱上傲娇龙王爷,
D0000262,妖言惑道,
D0000263,最强反套路系统,https://ac.qq.com/Comic/comicInfo/id/630136
D0000264,贺少的闪婚暖妻,https://ac.qq.com/Comic/ComicInfo/id/634243
D0000265,武拳,https://ac.qq.com/Comic/ComicInfo/id/542120
D0000266,我在末世有套房,https://ac.qq.com/Comic/comicInfo/id/632458
D0000267,我在皇宫当巨巨,
D0000268,街球江湖,
D0000269,逍遥法外,
D0000270,爱我吧，苏东坡,
D0000271,王爷不好婚,
D0000272,女装大佬养成记,
D0000273,亲吻不等于恋爱,
D0000274,球娘,https://ac.qq.com/Comic/comicInfo/id/485707
D0000275,恋爱吧！勇者小黄鱼,https://ac.qq.com/Comic/comicInfo/id/631207
D0000276,锁龙,
D0000277,偷星九月天,https://ac.qq.com/Comic/ComicInfo/id/531031
D0000278,渐近的心跳,
D0000279,30岁男子物语,
D0000280,黑夜有所斯,
D0000281,贩卖大师,https://ac.qq.com/Comic/comicInfo/id/633307
D0000282,未来重启,https://ac.qq.com/Comic/comicInfo/id/632551
D0000283,怪奇笔记,https://ac.qq.com/Comic/comicInfo/id/622755
D0000284,我是大神仙,https://ac.qq.com/Comic/ComicInfo/id/621058
D0000285,被废弃的皇妃,https://ac.qq.com/Comic/comicInfo/id/635982
D0000286,地府我开的,https://ac.qq.com/Comic/comicInfo/id/630500
D0000287,伞少女梦谈,
D0000288,食鬼大掌柜,
D0000289,控妹狂战记,
D0000290,神厨狂后,https://ac.qq.com/Comic/comicInfo/id/632341
D0000291,尚善,
D0000292,元尊,https://ac.qq.com/Comic/comicInfo/id/628970
D0000293,双生灵探,
D0000294,大叔诡电台,https://manhua.163.com/source/5414625992260061264
D0000295,披着狼皮的羊,
D0000296,蝉女,
D0000297,花颜策,
D0000298,私人英雄,
D0000299,打开男神的正确姿势,https://manhua.163.com/source/5232441787740344351
D0000300,感谢你是爱我的,
