产品编号,产品名称,芒果TV链接
A0000001,,https://www.mgtv.com/h/11654.html?fpa=se
A0000006,,https://www.mgtv.com/h/12207.html?fpa=se
A0000015,,https://www.mgtv.com/h/11783.html?fpa=se
A0000019,,https://www.mgtv.com/h/44021.html?fpa=se
A0000022,,https://www.mgtv.com/h/42090.html?fpa=se
A0000027,,https://www.mgtv.com/h/42267.html?fpa=se
A0000039,,https://www.mgtv.com/h/11702.html?fpa=se
A0000040,,https://www.mgtv.com/h/42799.html?cxid=95kqkw8n6
A0000057,,https://www.mgtv.com/h/44039.html?fpa=se
A0000059,,https://www.mgtv.com/h/5274.html
A0000066,,https://www.mgtv.com/h/51717.html?fpa=se
A0000071,,https://www.mgtv.com/h/103460.html?fpa=se
A0000082,,https://www.mgtv.com/h/311628.html?fpa=se
A0000084,,https://www.mgtv.com/h/53365.html?fpa=se
A0000086,,https://www.mgtv.com/h/46007.html?fpa=se
A0000094,,https://www.mgtv.com/h/311695.html?fpa=se
A0000100,,https://www.mgtv.com/h/53136.html?fpa=se
A0000106,,https://www.mgtv.com/h/51365.html?fpa=se
A0000108,,https://www.mgtv.com/h/53172.html?fpa=se
A0000117,,https://www.mgtv.com/h/57011.html?fpa=se
A0000120,,https://www.mgtv.com/h/102507.html?fpa=se
A0000124,,https://www.mgtv.com/h/106700.html?fpa=se
A0000125,,https://www.mgtv.com/h/290856.html?fpa=se
A0000129,,https://www.mgtv.com/h/157339.html?fpa=se
A0000130,,https://www.mgtv.com/h/167635.html?fpa=se
A0000132,,https://www.mgtv.com/h/109669.html?fpa=se
A0000137,,https://www.mgtv.com/h/101363.html?fpa=se
A0000140,,https://www.mgtv.com/h/150115.html?fpa=se
A0000141,,https://www.mgtv.com/h/158683.html?fpa=se
A0000151,,https://www.mgtv.com/h/168249.html?fpa=se
A0000152,,https://www.mgtv.com/h/108434.html?fpa=se
A0000159,,https://www.mgtv.com/h/108703.html?fpa=se
A0000162,,https://www.mgtv.com/h/293122.html?fpa=se
A0000170,,https://www.mgtv.com/h/167638.html?fpa=se
A0000172,,https://www.mgtv.com/h/156656.html?fpa=se
A0000174,,https://www.mgtv.com/h/157789.html?fpa=se
A0000182,,https://www.mgtv.com/h/295382.html?fpa=se
A0000191,,https://www.mgtv.com/h/298130.html?fpa=se
A0000193,,https://www.mgtv.com/h/166040.html?fpa=se
A0000196,,https://www.mgtv.com/h/159041.html?fpa=se
A0000198,,https://www.mgtv.com/h/159003.html?fpa=se
A0000199,,https://www.mgtv.com/h/151068.html?fpa=se
A0000200,,https://www.mgtv.com/h/158009.html?fpa=se
A0000202,,https://www.mgtv.com/h/167447.html?fpa=se
A0000205,,https://www.mgtv.com/h/158219.html?fpa=se
A0000206,,https://www.mgtv.com/h/158205.html?fpa=se
A0000212,,https://www.mgtv.com/h/291100.html?fpa=se
A0000213,,https://www.mgtv.com/h/158233.html?fpa=se
A0000215,,https://www.mgtv.com/h/309255.html?fpa=se
A0000226,,https://www.mgtv.com/h/294058.html?fpa=se
A0000232,,https://www.mgtv.com/h/293050.html?fpa=se
A0000233,,https://www.mgtv.com/h/291433.html?fpa=se
A0000234,,https://www.mgtv.com/h/306065.html?fpa=se
A0000237,,https://www.mgtv.com/h/305529.html?fpa=se
A0000239,,https://www.mgtv.com/h/166388.html?fpa=se
A0000243,,https://www.mgtv.com/h/293193.html?fpa=se
A0000244,,https://www.mgtv.com/h/312289.html?fpa=se
A0000245,,https://www.mgtv.com/h/293994.html?fpa=se
A0000247,,https://www.mgtv.com/h/167448.html?fpa=se
A0000248,,https://www.mgtv.com/h/299948.html?fpa=se
A0000253,,https://www.mgtv.com/h/308004.html?fpa=se
A0000254,,https://www.mgtv.com/h/294625.html?fpa=se
A0000256,,https://www.mgtv.com/h/311928.html?fpa=se
A0000261,,https://www.mgtv.com/h/295837.html?fpa=se
A0000266,,https://www.mgtv.com/h/314044.html?fpa=se
A0000267,,https://www.mgtv.com/h/306566.html?fpa=se
A0000271,,https://www.mgtv.com/h/290808.html?fpa=se
A0000274,,https://www.mgtv.com/h/303799.html?fpa=se
A0000276,,https://www.mgtv.com/h/310305.html?fpa=se
A0000281,,https://www.mgtv.com/h/317423.html?fpa=se
A0000283,,https://www.mgtv.com/h/317619.html?fpa=se
A0000286,,https://www.mgtv.com/h/319812.html?fpa=se
A0000292,,https://www.mgtv.com/h/321440.html?fpa=se
A0000298,,https://www.mgtv.com/h/303114.html?fpa=se
A0000300,,https://www.mgtv.com/h/324302.html?fpa=se
A0000301,,https://www.mgtv.com/h/323852.html?fpa=se
A0000304,,https://www.mgtv.com/h/317239.html?fpa=se
A0000310,,https://www.mgtv.com/h/321902.html?fpa=se
A0000311,,https://www.mgtv.com/h/323707.html?fpa=se
A0000313,,https://www.mgtv.com/h/322675.html?fpa=se
A0000318,,https://www.mgtv.com/h/323665.html?fpa=se
A0000325,,https://www.mgtv.com/h/321779.html?fpa=se
A0000326,,https://www.mgtv.com/h/320137.html?fpa=se
A0000327,,https://www.mgtv.com/h/321400.html?fpa=se
A0000329,,https://www.mgtv.com/h/320285.html?fpa=se
A0000330,,https://www.mgtv.com/h/322468.html?fpa=se
A0000334,,https://www.mgtv.com/h/318353.html?fpa=se
A0000343,,https://www.mgtv.com/h/312072.html?fpa=se
A0000345,,https://www.mgtv.com/h/294084.html?fpa=se
A0000352,,https://www.mgtv.com/h/323832.html?fpa=se
A0000357,,https://www.mgtv.com/h/320146.html?fpa=se
A0000367,,https://www.mgtv.com/h/299437.html?fpa=se
A0000375,,https://www.mgtv.com/h/299427.html?fpa=se
A0000381,,https://www.mgtv.com/h/321787.html?fpa=se#-~-
A0000384,,https://www.mgtv.com/h/322253.html?fpa=se
A0000391,,https://www.mgtv.com/h/322007.html?fpa=se
A0000393,,https://www.mgtv.com/h/321115.html?fpa=se
A0000396,,https://www.mgtv.com/h/324175.html?fpa=se
A0000406,,https://www.mgtv.com/h/322071.html?fpa=se
A0000409,,https://www.mgtv.com/h/324724.html?fpa=se
A0000412,,https://www.mgtv.com/h/313552.html?fpa=se
A0000414,,https://www.mgtv.com/h/322508.html?fpa=se
A0000415,,https://www.mgtv.com/h/322425.html?fpa=se
A0000423,,https://www.mgtv.com/h/321592.html?fpa=se
A0000435,,https://www.mgtv.com/h/317967.html
A0000436,,https://www.mgtv.com/h/318835.html
A0000448,,https://www.mgtv.com/h/324818.html
A0000456,,https://www.mgtv.com/h/325757.html
A0000458,,https://www.mgtv.com/h/325658.html
A0000460,,https://www.mgtv.com/h/325237.html
A0000464,,https://www.mgtv.com/h/323323.html
A0000470,,https://www.mgtv.com/h/325101.html
B0000009,,https://www.mgtv.com/h/109625.html
B0000012,,https://www.mgtv.com/h/41328.html
B0000052,,https://www.mgtv.com/h/318348.html
B0000063,,https://www.mgtv.com/h/47378.html
B0000065,,https://www.mgtv.com/h/100326.html
B0000068,,https://www.mgtv.com/h/50877.html
B0000070,,https://www.mgtv.com/h/50091.html
B0000071,,https://www.mgtv.com/h/51195.html
B0000074,,https://www.mgtv.com/h/52516.html
B0000076,,https://www.mgtv.com/h/50522.html
B0000082,,https://www.mgtv.com/h/56781.html
B0000083,,https://www.mgtv.com/h/100363.html
B0000097,,https://www.mgtv.com/h/56475.html
B0000101,,https://www.mgtv.com/h/166918.html
B0000102,,https://www.mgtv.com/h/52703.html
B0000103,,https://www.mgtv.com/h/54209.html
B0000110,,https://www.mgtv.com/h/50798.html
B0000113,,https://www.mgtv.com/h/50939.html
B0000115,,https://www.mgtv.com/h/168268.html
B0000119,,https://www.mgtv.com/h/109242.html
B0000120,,https://www.mgtv.com/h/151486.html
B0000123,,https://www.mgtv.com/h/156864.html
B0000126,,https://www.mgtv.com/h/157743.html
B0000127,,https://www.mgtv.com/h/159286.html
B0000130,,https://www.mgtv.com/h/156974.html
B0000131,,https://www.mgtv.com/h/158964.html
B0000132,,https://www.mgtv.com/h/109043.html?cxid=94l62sj44
B0000133,,https://www.mgtv.com/h/54665.html?cxid=94l62sj44
B0000134,,https://www.mgtv.com/h/156615.html?cxid=94l62sj44
B0000135,,https://www.mgtv.com/h/150892.html
B0000138,,https://www.mgtv.com/h/158102.html
B0000142,,https://www.mgtv.com/h/102477.html?cxid=94l62sj44
B0000144,,https://www.mgtv.com/h/108650.html
B0000145,,https://www.mgtv.com/h/159289.html
B0000146,,https://www.mgtv.com/h/150147.html
B0000152,,https://www.mgtv.com/h/108714.html
B0000154,,https://www.mgtv.com/h/106696.html
B0000155,,https://www.mgtv.com/h/109966.html
B0000156,,https://www.mgtv.com/h/110052.html
B0000161,,https://www.mgtv.com/h/103484.html?cxid=94l62sj44
B0000168,,https://www.mgtv.com/h/106714.html
B0000169,,https://www.mgtv.com/h/109111.html
B0000173,,https://www.mgtv.com/h/168968.html
B0000174,,https://www.mgtv.com/h/166153.html
B0000177,,https://www.mgtv.com/h/312992.html
B0000179,,https://www.mgtv.com/h/293432.html
B0000180,,https://www.mgtv.com/h/294339.html
B0000182,,https://www.mgtv.com/h/168953.html
B0000183,,https://www.mgtv.com/h/294252.html
B0000186,,https://www.mgtv.com/h/156627.html
B0000187,,https://www.mgtv.com/h/168804.html?cxid=94l62sj44
B0000189,,https://www.mgtv.com/h/167572.html
B0000194,,https://www.mgtv.com/h/292920.html
B0000195,,https://www.mgtv.com/h/290237.html
B0000197,,https://www.mgtv.com/h/294045.html
B0000200,,https://www.mgtv.com/h/293037.html?fpa=se
B0000205,,https://www.mgtv.com/h/293025.html?fpa=se
B0000207,,https://www.mgtv.com/h/297788.html?fpa=se
B0000208,,https://www.mgtv.com/h/294230.html?fpa=se
B0000211,,https://www.mgtv.com/h/291382.html?fpa=se
B0000212,,https://www.mgtv.com/h/292031.html?fpa=se
B0000217,,https://www.mgtv.com/h/292082.html?fpa=se
B0000219,,https://www.mgtv.com/h/292034.html?fpa=se
B0000221,,https://www.mgtv.com/h/294088.html?fpa=se
B0000222,,https://www.mgtv.com/h/304218.html?fpa=se
B0000224,,https://www.mgtv.com/h/295795.html?fpa=se
B0000225,,https://www.mgtv.com/h/159269.html?fpa=se
B0000227,,https://www.mgtv.com/h/292974.html?fpa=se
B0000232,,https://www.mgtv.com/h/293634.html?fpa=se
B0000236,,https://www.mgtv.com/h/292380.html?fpa=se
B0000238,,https://www.mgtv.com/h/308584.html?fpa=se
B0000239,,https://www.mgtv.com/h/315515.html?fpa=se
B0000240,,https://www.mgtv.com/h/320148.html?fpa=se
B0000241,,https://www.mgtv.com/h/318237.html?fpa=se
B0000243,,https://www.mgtv.com/h/316354.html?fpa=se
B0000244,,https://www.mgtv.com/h/299619.html?fpa=se
B0000247,,https://www.mgtv.com/h/316999.html?fpa=se
B0000248,,https://www.mgtv.com/h/310266.html?fpa=se
B0000251,,https://www.mgtv.com/h/317416.html?fpa=se
B0000253,,https://www.mgtv.com/h/316982.html?fpa=se
B0000254,,https://www.mgtv.com/h/318759.html?fpa=se
B0000256,,https://www.mgtv.com/h/318154.html?fpa=se
B0000258,,https://www.mgtv.com/h/306413.html?fpa=se
B0000259,,https://www.mgtv.com/h/313351.html?fpa=se
B0000260,,https://www.mgtv.com/h/319730.html?fpa=se
B0000262,,https://www.mgtv.com/h/322472.html?fpa=se
B0000264,,https://www.mgtv.com/h/315777.html?fpa=se
B0000266,,https://www.mgtv.com/h/323411.html?fpa=se
B0000269,,https://www.mgtv.com/h/319349.html?fpa=se
B0000271,,https://www.mgtv.com/h/320707.html?fpa=se
B0000272,,https://www.mgtv.com/h/318594.html?fpa=se
B0000277,,https://www.mgtv.com/h/315779.html?fpa=se
B0000305,,https://www.mgtv.com/h/300033.html?fpa=se
B0000308,,https://www.mgtv.com/h/319265.html?fpa=se
B0000310,,https://www.mgtv.com/h/318421.html?fpa=se
B0000318,,https://www.mgtv.com/h/321766.html?fpa=se
B0000333,,https://www.mgtv.com/h/322759.html?fpa=se
B0000344,,https://www.mgtv.com/h/319569.html?fpa=se
B0000346,,https://www.mgtv.com/h/321804.html?fpa=se
B0000365,,https://www.mgtv.com/h/308836.html?fpa=se
B0000388,,https://www.mgtv.com/h/324042.html?fpa=se
B0000407,,https://www.mgtv.com/b/318945/4470636.html?fpa=se
B0000412,,https://www.mgtv.com/b/322922/4467573.html?fpa=se
C0000009,,https://www.mgtv.com/h/7878.html?fpa=se
C0000011,,https://www.mgtv.com/h/9670.html?fpa=se
C0000023,,https://www.mgtv.com/h/104265.html?fpa=se
C0000024,,https://www.mgtv.com/h/104268.html?fpa=se
C0000030,,https://www.mgtv.com/h/45382.html?fpa=se
C0000052,,https://www.mgtv.com/h/9624.html?fpa=se
C0000059,,https://www.mgtv.com/h/159313.html?fpa=se
C0000060,,https://www.mgtv.com/h/159322.html?fpa=se
C0000066,,https://www.mgtv.com/h/319481.html?fpa=se
C0000072,,https://www.mgtv.com/h/56215.html?fpa=se
C0000081,,https://www.mgtv.com/h/292215.html?cxid=95kqkw8n6
C0000082,,https://www.mgtv.com/h/316552.html?cxid=95kqkw8n6
C0000084,,https://www.mgtv.com/h/323261.html?cxid=95kqkw8n6
C0000085,,https://www.mgtv.com/h/323263.html?cxid=95kqkw8n6
C0000106,,https://www.mgtv.com/h/44631.html?cxid=95kqkw8n6
C0000107,,https://www.mgtv.com/h/44633.html?cxid=95kqkw8n6
C0000132,,https://www.mgtv.com/h/104277.html?cxid=95kqkw8n6
C0000133,,https://www.mgtv.com/h/297032.html?fpa=se
C0000136,,https://www.mgtv.com/h/104501.html?cxid=95kqkw8n6
C0000139,,https://www.mgtv.com/h/56682.html?cxid=95kqkw8n6
C0000152,,https://www.mgtv.com/h/105402.html?cxid=95kqkw8n6
C0000153,,https://www.mgtv.com/h/50939.html?cxid=95kqkw8n6
C0000158,,https://www.mgtv.com/h/54209.html?fpa=se
C0000166,,https://www.mgtv.com/h/166832.html?cxid=95kqkw8n6
C0000168,,https://www.mgtv.com/h/100321.html?cxid=95kqkw8n6
C0000174,,https://www.mgtv.com/h/131276.html?cxid=95kqkw8n6
C0000175,,https://www.mgtv.com/h/167280.html?cxid=95kqkw8n6
C0000177,,https://www.mgtv.com/h/156998.html?cxid=95kqkw8n6
C0000178,,https://www.mgtv.com/h/158034.html?cxid=95kqkw8n6
C0000180,,https://www.mgtv.com/h/107528.html?cxid=95kqkw8n6
C0000181,,https://www.mgtv.com/h/158288.html?cxid=95kqkw8n6
C0000182,,https://www.mgtv.com/h/291175.html?fpa=se
C0000188,,https://www.mgtv.com/h/100708.html?cxid=95kqkw8n6
C0000190,,https://www.mgtv.com/h/297033.html?cxid=95kqkw8n6
C0000191,,https://www.mgtv.com/h/294370.html?cxid=95kqkw8n6
C0000193,,https://www.mgtv.com/h/290982.html?cxid=95kqkw8n6
C0000195,,https://www.mgtv.com/h/292156.html?cxid=95kqkw8n6
C0000197,,https://www.mgtv.com/h/167555.html?cxid=95kqkw8n6
C0000198,,https://www.mgtv.com/h/159228.html?cxid=95kqkw8n6
C0000200,,https://www.mgtv.com/h/158625.html?cxid=95kqkw8n6
C0000217,,https://www.mgtv.com/h/312409.html?cxid=95kqkw8n6
C0000218,,https://www.mgtv.com/h/150189.html?cxid=95kqkw8n6
C0000219,,https://www.mgtv.com/h/290227.html?cxid=95kqkw8n6
C0000220,,https://www.mgtv.com/h/155982.html?cxid=95kqkw8n6
C0000227,,https://www.mgtv.com/h/293609.html?cxid=95kqkw8n6
C0000230,,https://www.mgtv.com/h/293544.html?cxid=95kqkw8n6
C0000232,,https://www.mgtv.com/h/315330.html?cxid=95kqkw8n6
C0000234,,https://www.mgtv.com/h/316537.html?cxid=95kqkw8n6
C0000235,,https://www.mgtv.com/h/297194.html?cxid=95kqkw8n6
C0000238,,https://www.mgtv.com/h/305018.html?cxid=95kqkw8n6
C0000240,,https://www.mgtv.com/h/290959.html?cxid=95kqkw8n6
C0000244,,https://www.mgtv.com/h/295014.html?cxid=95kqkw8n6
C0000250,,https://www.mgtv.com/h/294102.html?cxid=95kqkw8n6
C0000252,,https://www.mgtv.com/h/309595.html?cxid=95kqkw8n6
C0000253,,https://www.mgtv.com/h/320663.html?cxid=95kqkw8n6
C0000254,,https://www.mgtv.com/h/293468.html?cxid=95kqkw8n6
C0000257,,https://www.mgtv.com/h/293306.html?cxid=95kqkw8n6
C0000259,,https://www.mgtv.com/h/306017.html?cxid=95kqkw8n6
C0000263,,https://www.mgtv.com/h/306028.html?cxid=95kqkw8n6
C0000264,,https://www.mgtv.com/h/315704.html?cxid=95kqkw8n6
C0000265,,https://www.mgtv.com/h/309257.html?cxid=95kqkw8n6
C0000270,,https://www.mgtv.com/h/293399.html?cxid=95kqkw8n6
C0000271,,https://www.mgtv.com/h/291105.html?cxid=95kqkw8n6
C0000272,,https://www.mgtv.com/h/309189.html?cxid=95kqkw8n6
C0000273,,https://www.mgtv.com/h/291972.html?cxid=95kqkw8n6
C0000274,,https://www.mgtv.com/h/292023.html?cxid=95kqkw8n6
C0000275,,https://www.mgtv.com/h/301433.html?cxid=95kqkw8n6
C0000278,,https://www.mgtv.com/h/296777.html?cxid=95kqkw8n6
C0000280,,https://www.mgtv.com/h/292409.html?cxid=95kqkw8n6
C0000282,,https://www.mgtv.com/h/309155.html?cxid=95kqkw8n6
C0000284,,https://www.mgtv.com/h/295051.html?cxid=95kqkw8n6
C0000285,,https://www.mgtv.com/h/302606.html?cxid=95kqkw8n6
C0000286,,https://www.mgtv.com/h/292381.html
C0000290,,https://www.mgtv.com/h/314612.html?cxid=95kqkw8n6
C0000291,,https://www.mgtv.com/h/324347.html?cxid=95kqkw8n6
C0000292,,https://www.mgtv.com/h/319929.html?cxid=95kqkw8n6
C0000294,,https://www.mgtv.com/h/315338.html?fpa=se
C0000296,,https://www.mgtv.com/h/316269.html?cxid=95kqkw8n6
C0000297,,https://www.mgtv.com/h/319164.html?cxid=95kqkw8n6
C0000298,,https://www.mgtv.com/h/321671.html?cxid=95kqkw8n6
C0000299,,https://www.mgtv.com/h/310496.html?cxid=95kqkw8n6
C0000300,,https://www.mgtv.com/h/314203.html?cxid=95kqkw8n6
C0000301,,https://www.mgtv.com/h/311086.html?cxid=95kqkw8n6
C0000302,,https://www.mgtv.com/h/318793.html?cxid=95kqkw8n6
C0000304,,https://www.mgtv.com/h/312554.html?cxid=95kqkw8n6
C0000305,,https://www.mgtv.com/h/317000.html?cxid=95kqkw8n6
C0000306,,https://www.mgtv.com/h/317788.html?cxid=95kqkw8n6
C0000308,,https://www.mgtv.com/h/314721.html?cxid=95kqkw8n6
C0000309,,https://www.mgtv.com/h/316836.html?cxid=95kqkw8n6
C0000311,,https://www.mgtv.com/h/314586.html?cxid=95kqkw8n6
C0000314,,https://www.mgtv.com/h/313299.html?cxid=95kqkw8n6
C0000317,,https://www.mgtv.com/h/313310.html?cxid=95kqkw8n6
C0000321,,https://www.mgtv.com/h/313650.html?cxid=95kqkw8n6
C0000322,,https://www.mgtv.com/h/313106.html?cxid=95kqkw8n6
C0000323,,https://www.mgtv.com/h/316466.html?cxid=95kqkw8n6
C0000324,,https://www.mgtv.com/h/314318.html?cxid=95kqkw8n6
C0000329,,https://www.mgtv.com/h/319775.html?cxid=95kqkw8n6
C0000331,,https://www.mgtv.com/h/310834.html?cxid=95kqkw8n6
C0000332,,https://www.mgtv.com/h/317990.html?cxid=95kqkw8n6
C0000333,,https://www.mgtv.com/h/317857.html?cxid=95kqkw8n6
C0000334,,https://www.mgtv.com/h/318565.html?cxid=95kqkw8n6
C0000336,,https://www.mgtv.com/h/318574.html?cxid=95kqkw8n6
C0000337,,https://www.mgtv.com/h/313242.html?cxid=95kqkw8n6
C0000339,,https://www.mgtv.com/h/311589.html?cxid=95kqkw8n6
C0000341,,https://www.mgtv.com/h/317665.html?fpa=se
C0000342,,https://www.mgtv.com/h/315670.html?cxid=95kqkw8n6
C0000350,,https://www.mgtv.com/h/316538.html?cxid=95kqkw8n6
C0000351,,https://www.mgtv.com/h/318559.html?cxid=95kqkw8n6
C0000352,,https://www.mgtv.com/h/321840.html?cxid=95kqkw8n6
C0000355,,https://www.mgtv.com/h/321662.html?cxid=95kqkw8n6
C0000356,,https://www.mgtv.com/h/322022.html?cxid=95kqkw8n6
C0000357,,https://www.mgtv.com/h/320000.html?fpa=se
C0000363,,https://www.mgtv.com/h/322424.html?cxid=95kqkw8n6
C0000367,,https://www.mgtv.com/h/323276.html?cxid=95kqkw8n6
C0000368,,https://www.mgtv.com/h/323097.html?cxid=95kqkw8n6
C0000369,,https://www.mgtv.com/h/323148.html?cxid=95kqkw8n6
C0000376,,https://www.mgtv.com/h/323864.html?fpa=se
C0000377,,https://www.mgtv.com/h/324892.html?cxid=95kqkw8n6
C0000379,,https://www.mgtv.com/h/323711.html?cxid=95kqkw8n6
C0000385,,https://www.mgtv.com/h/324594.html?cxid=95kqkw8n6
C0000386,,https://www.mgtv.com/h/324862.html?cxid=95kqkw8n6
C0000387,,https://www.mgtv.com/h/321177.html?cxid=95kqkw8n6
C0000388,,https://www.mgtv.com/h/322664.html?cxid=95kqkw8n6
C0000390,,https://www.mgtv.com/h/321663.html?cxid=95kqkw8n6
C0000391,,https://www.mgtv.com/h/322351.html?cxid=95kqkw8n6
C0000393,,https://www.mgtv.com/h/322054.html?cxid=95kqkw8n6
C0000395,,https://www.mgtv.com/h/321672.html?cxid=95kqkw8n6
C0000401,,https://www.mgtv.com/h/322993.html?cxid=95kqkw8n6
C0000404,,https://www.mgtv.com/h/323108.html?cxid=95kqkw8n6
C0000407,,https://www.mgtv.com/h/322751.html?cxid=95kqkw8n6
C0000411,,https://www.mgtv.com/h/323266.html?cxid=95kqkw8n6
C0000412,,https://www.mgtv.com/h/324490.html?cxid=95kqkw8n6
C0000413,,https://www.mgtv.com/h/324708.html?cxid=95kqkw8n6
C0000426,,https://www.mgtv.com/h/324707.html?fpa=se
B0000427,反贪风暴3,
B0000428,黄金兄弟,
B0000429,悲伤逆流成河,
B0000430,李茶的姑妈,
B0000431,江湖儿女,
B0000432,影,
B0000433,无双,
B0000434,大闹西游,
B0000435,胖子行动队,
B0000436,藏北秘岭・重返无人区,
B0000437,说走就走之不说再见,
B0000438,未择之路,
B0000439,找到你,
B0000440,那些女人,
B0000441,剩女大逃亡,
B0000442,李学生,
B0000443,深海历险记,
B0000444,信仰者,
B0000445,文朝荣,
B0000446,解剖室灵异事件之男生宿舍,
B0000447,疯狂丑小鸭,
B0000448,让我怎么相信你,
B0000449,大寒,
B0000450,旅行吧！井底之蛙,
B0000451,禹神传之寻找神力,
B0000452,天慕,
B0000453,足球王者,
B0000454,昆塔・盒子总动员,
B0000455,邹碧华,
B0000456,警车联盟,
B0000457,李保国,
B0000458,曹操与杨修(京剧),
B0000459,吻隐者,
B0000460,为爱担当,
B0000461,草戒指,
B0000462,极品师徒,
B0000463,动物世界,https://www.mgtv.com/b/318423/4590972.html?fpa=se
B0000464,道高一丈,
B0000465,生存家族,
B0000466,大蛇,
B0000467,道师爷,
B0000468,御龙修仙传,
B0000469,夺宝同盟之神秘笔记,
B0000470,新白蛇传之九尾狐,
B0000471,古墓兽影,
B0000472,降妖天师,
B0000473,前任局中局,
B0000474,怪兽2018,
B0000475,厕所英雄,
B0000476,降魔武僧,
B0000477,斗墓占花魁,
B0000478,天生不对,
B0000479,桃花劫,
C0000427,妖神记之影妖篇,
C0000428,灵邪记,
C0000429,剑网3・侠肝义胆沈剑心,https://www.mgtv.com/h/326262.html?cxid=95kqkw8n6
A0000471,凉生，我们可不可以不忧伤,https://www.mgtv.com/h/326018.html?cxid=95kqkw8n6
A0000472,斗破苍穹,
A0000473,橙红年代,
A0000474,许你浮生若梦,
A0000475,娘道,
A0000476,蚀日风暴,
A0000477,如若巴黎不快乐,https://www.mgtv.com/h/312551.html?cxid=95kqkw8n6
A0000478,颤抖吧阿部之朵星风云,https://www.mgtv.com/h/324601.html?cxid=95kqkw8n6
A0000479,一千零一夜,
A0000480,游泳先生,https://www.mgtv.com/h/325766.html?cxid=95kqkw8n6
A0000481,一代名相陈廷敬,
A0000482,鸣鸿传,
A0000483,战犯,
A0000484,啊，父老乡亲,https://www.mgtv.com/h/326050.html?cxid=95kqkw8n6
A0000485,那抹属于我的星光,
A0000486,生于70年代,
A0000487,倾世妖颜,
A0000488,凉生，我们可不可以不忧伤,https://www.mgtv.com/h/326018.html?cxid=95kqkw8n6
A0000489,斗破苍穹,
A0000490,创业时代,
A0000491,双世宠妃第二季,
A0000492,武动乾坤之冰心在玉壶,
A0000493,盛唐幻夜,
A0000494,你迟到的许多年,https://www.mgtv.com/h/323524.html?fpa=se
A0000495,正阳门下小女人,
A0000496,悍城,
A0000497,极速青春,
A0000498,好戏一出,
A0000499,战地枪王,https://www.mgtv.com/h/326521.html?fpa=se
A0000500,最好的遇见,https://www.mgtv.com/h/326526.html?fpa=se
C0000434,我是江小白2,https://www.mgtv.com/h/326788.html?fpa=se
C0000435,驸马不要啊,
C0000436,公主病的克星,
C0000437,宝宝巴士启蒙音乐剧之新奇世界,https://www.mgtv.com/h/327095.html?fpa=se
C0000438,极品家丁,
C0000439,超级飞侠4,https://www.mgtv.com/h/321662.html?cxid=95kqkw8n6
