来源,产品名称,芒果TV
B0000488,无名之辈,
B0000489,中国蓝盔,
B0000490,你好，之华,
B0000491,恐龙王,
B0000492,冰封侠：时空行者,
B0000493,影,
B0000494,你美丽了我的人生,
B0000495,黑暗迷宫,
B0000496,邪不压正,https://www.mgtv.com/b/322221/4753056.html?fpa=se
B0000497,我不是药神,
B0000498,西虹市首富,https://www.mgtv.com/b/324194/4683145.html?cxid
B0000499,悲伤逆流成河,https://www.mgtv.com/b/325386/4712747.html?fpa=se
B0000500,忍者通告,
B0000501,张艺谋和他的“影”,https://www.mgtv.com/b/326344/4731191.html?fpa=se
B0000502,反贪风暴3,https://www.mgtv.com/b/324332/4665499.html?fpa=se
B0000503,四大名捕之入梦妖灵,
B0000504,黄金兄弟,https://www.mgtv.com/b/325591/4660085.html?fpa=se
B0000505,药仙,
B0000506,记忆折叠,
B0000507,擒贼先擒王,
B0000508,千门女王之螳螂捕蝉,
A0000501,你和我的倾城时光,
A0000502,将夜,
A0000503,原来你还在这里,
A0000504,人不彪悍枉少年,
A0000505,幸福一家人,
A0000506,我们的四十年,https://www.mgtv.com/h/326810.html?fpa=se
A0000507,我的保姆手册,
A0000508,兄弟,
A0000509,回到明朝当王爷之杨凌传,
A0000510,火王之破晓之战,
A0000511,千门江湖之诡面疑云,
A0000512,唐砖,
A0000513,镇魂,
A0000514,是_的，法官阁下,
A0000515,跳跃生命线,