编号,产品名称,taptap评论
F0000001,滑雪大冒险(手游),
F0000002,JJ斗地主(手游),
F0000003,龙印OL(手游),
F0000004,找你妹(手游),https://www.taptap.com/app/33913/review
F0000005,保卫萝卜1(手游),https://www.taptap.com/app/27902/review
F0000006,时空猎人(手游),https://www.taptap.com/app/10232/review
F0000007,欢乐四川麻将(手游),
F0000008,大掌门(手游),https://www.taptap.com/app/34472/review
F0000009,商业人生(手游),https://www.taptap.com/app/56743/review
F0000010,三国争霸-龙将(手游),https://www.taptap.com/app/67809/review
F0000011,武林萌主(手游),https://www.taptap.com/app/37041/review
F0000012,王者之剑(手游),
F0000013,逆转三国(手游),https://www.taptap.com/app/22747/review
F0000014,博雅斗地主(手游),
F0000015,风云天下OL(手游),
F0000016,弹弹岛Online(手游),https://www.taptap.com/app/47434/review
F0000017,萌江湖(手游),https://www.taptap.com/app/77497/review
F0000018,圣域龙斗士：全民战争(手游),
F0000019,我叫MT online(手游),https://www.taptap.com/app/18099/review
F0000020,小小帝国(手游),https://www.taptap.com/app/2900/review
F0000021,一将成名(手游),
F0000022,开心水族箱(手游),https://www.taptap.com/app/1623/review
F0000023,天天爱消除(手游),https://www.taptap.com/app/6514/review
F0000024,天天星连萌(手游),https://www.taptap.com/app/8673/review
F0000025,节奏大师(手游),https://www.taptap.com/app/7057/review
F0000026,疯狂的方言(手游),
F0000027,中国好学霸(手游),
F0000028,一闯到底(手游),https://www.taptap.com/app/52048/review
F0000029,飞机大战豪华版(手游),https://www.taptap.com/app/42964/review
F0000030,欢乐斗地主(手游),
F0000031,保卫萝卜2(手游),https://www.taptap.com/app/18411/review
F0000032,新部落守卫战(手游),https://www.taptap.com/app/6994/review
F0000033,天天飞车(手游),https://www.taptap.com/app/7076/review
F0000034,史上最坑爹的游戏1(手游),https://www.taptap.com/app/57753/review
F0000035,神雕侠侣(手游),https://www.taptap.com/app/7037/review
F0000036,武侠Q传(手游),https://www.taptap.com/app/19032/review
F0000037,腾讯欢乐麻将全集(手游),
F0000038,全民飞机大战(手游),https://www.taptap.com/app/4675/review
F0000039,天天酷跑(手游),
F0000040,天天斗地主(手游),
F0000041,找你妹2(手游),https://www.taptap.com/app/34162/review
F0000042,史上最坑爹的游戏2(手游),https://www.taptap.com/app/136984/review
F0000043,天天德州(手游),
F0000044,雷霆战机(手游),https://www.taptap.com/app/6987/review
F0000045,梦幻西游口袋版(手游),https://www.taptap.com/app/24791/review
F0000046,开心消消乐(手游),https://www.taptap.com/app/2321/review
F0000047,神魔大陆(手游),
F0000048,全民小镇(手游),https://www.taptap.com/app/6988/review
F0000049,迷你西游(手游),
F0000050,江湖格斗(手游),
F0000051,崩坏学园2(手游),https://www.taptap.com/app/7158/review
F0000052,全民炫舞(手游),
F0000053,天天炫斗(手游),https://www.taptap.com/app/2309/review
F0000054,暗黑战神OL(手游),
F0000055,城堡争霸：遗落之境(手游),https://www.taptap.com/app/7007/review
F0000056,足球大逆袭(手游),https://www.taptap.com/app/131442/review
F0000057,胜利足球(手游),https://www.taptap.com/app/8379/review
F0000058,全民水浒(手游),https://www.taptap.com/app/7025/review
F0000059,消灭星星-Popstar官方正版(手游),
F0000060,全民打怪兽(手游),https://www.taptap.com/app/1744/review
F0000061,全民农场(手游),https://www.taptap.com/app/7074/review
F0000062,欢乐西游(手游),
F0000063,仙剑奇侠传 官方手游(手游),https://www.taptap.com/app/4680/review
F0000064,乱斗西游2(手游),https://www.taptap.com/app/7003/review
F0000065,女神联盟手游(手游),https://www.taptap.com/app/18113/review
F0000066,捕鱼达人3(手游),
F0000067,暖暖环游世界(手游),https://www.taptap.com/app/29082/review
F0000068,梅露可物语(手游),https://www.taptap.com/app/18778/review
F0000069,小冰冰传奇（原名刀塔传奇）(手游),https://www.taptap.com/app/16734/review
F0000070,天天富翁(手游),https://www.taptap.com/app/18117/review
F0000071,全民枪战2(手游),https://www.taptap.com/app/34763/review
F0000072,糖果传奇(手游),https://www.taptap.com/app/14/review
F0000073,影之刃(手游),
F0000074,全民切水果(手游),
F0000075,魔剑之刃(手游),
F0000076,神雕侠侣移动版(手游),https://www.taptap.com/app/7037/review
F0000077,天龙八部3D(手游),https://www.taptap.com/app/7734/review
F0000078,神鬼幻想(手游),
F0000079,全民闯天下(手游),https://www.taptap.com/app/30288/review
F0000080,全民奇迹MU(手游),
F0000081,全民突击(手游),https://www.taptap.com/app/4679/review
F0000082,我叫MT2(手游),https://www.taptap.com/app/85828/review
F0000083,航海王 启航(手游),https://www.taptap.com/app/6968/review
F0000084,神武2(手游),https://www.taptap.com/app/6513/review
F0000085,全民泡泡大战(手游),https://www.taptap.com/app/24200/review
F0000086,少年三国志(手游),https://www.taptap.com/app/87425/review
F0000087,跑跑卡丁车手机版(手游),https://www.taptap.com/app/29649/review
F0000088,奇迹暖暖(手游),https://www.taptap.com/app/6965/review
F0000089,脑力达人(手游),
F0000090,猫和老鼠：欢乐互动(手游),https://www.taptap.com/app/70882/review
F0000091,九龙战―领地争夺战(手游),
F0000092,花千骨(手游),https://www.taptap.com/app/8675/review
F0000093,苍穹变(手游),https://www.taptap.com/app/18105/review
F0000094,梦幻西游(手游),https://www.taptap.com/app/2315/review
F0000095,热血传奇(手游),
F0000096,英雄杀(手游),https://www.taptap.com/app/6985/review
F0000097,天天象棋腾讯版(手游),https://www.taptap.com/app/17824/review
F0000098,大话西游(手游),https://www.taptap.com/app/2316/review
F0000099,滑雪大冒险2(手游),https://www.taptap.com/app/8724/review
F0000100,全民超神(手游),https://www.taptap.com/app/6969/review
F0000101,王者荣耀(手游),https://www.taptap.com/app/2301/review
F0000102,秦时明月(手游),https://www.taptap.com/app/56933/review
F0000103,六龙争霸3D(手游),https://www.taptap.com/app/2322/review
F0000104,腾讯桌球(手游),https://www.taptap.com/app/6997/review
F0000105,苍翼之刃(手游),https://www.taptap.com/app/12616/review
F0000106,驯龙战记3D(手游),https://www.taptap.com/app/2306/review
F0000107,时空之刃(手游),https://www.taptap.com/app/81472/review
F0000108,天天酷跑3D(手游),https://www.taptap.com/app/2300/review
F0000109,球球大作战(手游),https://www.taptap.com/app/6239/review
F0000110,钢琴块2(手游),https://www.taptap.com/app/1/review
F0000111,战斗吧剑灵(手游),https://www.taptap.com/app/3615/review
F0000112,穿越火线：枪战王者(手游),https://www.taptap.com/app/2318/review
F0000113,火影忍者(手游),https://www.taptap.com/app/2247/review
F0000114,天魔幻想(手游),https://www.taptap.com/app/6995/review
F0000115,蜀山战纪之剑侠传奇(手游),https://www.taptap.com/app/4684/review
F0000116,问道(手游),https://www.taptap.com/app/5797/review
F0000117,COK列王的纷争(手游),https://www.taptap.com/app/51/review
F0000118,拳皇98终极之战OL(手游),https://www.taptap.com/app/14445/review
F0000119,射雕英雄传3D(手游),https://www.taptap.com/app/4678/review
F0000120,倩女幽魂(手游),https://www.taptap.com/app/6928/review
F0000121,征途-新秩序(手游),
F0000122,倚天屠龙记(手游),https://www.taptap.com/app/7053/review
F0000123,保卫萝卜3(手游),https://www.taptap.com/app/7806/review
F0000124,坦克之战(手游),https://www.taptap.com/app/17923/review
F0000125,新剑侠情缘(手游),
F0000126,天下(手游),https://www.taptap.com/app/10536/review
F0000127,神魔圣域(手游),https://www.taptap.com/app/12546/review
F0000128,皮皮四川麻将(手游),
F0000129,全民斗战神(手游),https://www.taptap.com/app/18085/review
F0000130,心动劲舞团(手游),https://www.taptap.com/app/53409/review
F0000131,贪吃蛇大作战(手游),https://www.taptap.com/app/13910/review
F0000132,九阴真经3D(手游),https://www.taptap.com/app/15783/review
F0000133,御龙在天(手游),https://www.taptap.com/app/17910/review
F0000134,汤姆猫跑酷(手游),https://www.taptap.com/app/61244/review
F0000135,阴阳师(手游),https://www.taptap.com/app/12492/review
F0000136,剑侠世界2(手游),https://www.taptap.com/app/14560/review
F0000137,崩坏3(手游),https://www.taptap.com/app/10056/review
F0000138,街球联盟(手游),
F0000139,艾希（手游）,https://www.taptap.com/app/11190/review
F0000140,梦幻诛仙(手游),https://www.taptap.com/app/23632/review
F0000141,街篮(手游),https://www.taptap.com/app/13070/review
F0000142,欢乐炸金花(手游),
F0000143,不思议迷宫(手游),https://www.taptap.com/app/6369/review
F0000144,海滨消消乐(手游),https://www.taptap.com/app/35544/review
F0000145,传奇世界(手游),https://www.taptap.com/app/31769/review
F0000146,街头篮球(手游),https://www.taptap.com/app/27179/review
F0000147,镇魔曲(手游),https://www.taptap.com/app/34020/review
F0000148,仙境传说RO：冒险者(手游),
F0000149,QQ欢乐斗地主(手游),
F0000150,地铁跑酷(手游),https://www.taptap.com/app/4/review
F0000151,滚动的天空(手游),https://www.taptap.com/app/2334/review
F0000152,猎鱼达人(手游),
F0000153,龙之谷(手游),https://www.taptap.com/app/13144/review
F0000154,光明大陆(手游),https://www.taptap.com/app/15801/review
F0000155,仙剑奇侠传Online(手游),https://www.taptap.com/app/44428/review
F0000156,弹弹堂（腾讯）(手游),https://www.taptap.com/app/44431/review
F0000157,热血江湖(手游),https://www.taptap.com/app/42200/review
F0000158,秘宝猎人(手游),https://www.taptap.com/app/45282/review
F0000159,封神英雄榜(手游),https://www.taptap.com/app/21929/review
F0000160,宾果消消消(手游),https://www.taptap.com/app/11983/review
F0000161,凡人修仙传(手游),https://www.taptap.com/app/45466/review
F0000162,天龙八部手游(手游),https://www.taptap.com/app/43482/review
F0000163,碧蓝航线(手游),https://www.taptap.com/app/31597/review
F0000164,魂斗罗:归来(手游),https://www.taptap.com/app/27582/review
F0000165,魔法门之英雄无敌：战争纪元 (手游),https://www.taptap.com/app/42202/review
F0000166,跳舞的线(手游),https://www.taptap.com/app/31429/review
F0000167,轩辕传奇(手游),https://www.taptap.com/app/54439/review
F0000168,射雕英雄传手游(手游),https://www.taptap.com/app/46584/review
F0000169,迷你世界(手游),https://www.taptap.com/app/7054/review
F0000170,最逵蜗2(手游),https://www.taptap.com/app/1713/review
F0000171,寻仙(手游),https://www.taptap.com/app/54061/review
F0000172,仙剑奇侠传五(手游),https://www.taptap.com/app/43089/review
F0000173,大天使之剑H5(手游),
F0000174,魔法禁书目录(手游),https://www.taptap.com/app/14065/review
F0000175,乱世王者(手游),https://www.taptap.com/app/51872/review
F0000176,元气封神(手游),https://www.taptap.com/app/35564/review
F0000177,荒野行动(手游),https://www.taptap.com/app/66654/review
F0000178,终结者2:审判日(手游),https://www.taptap.com/app/52289/review
F0000179,小米枪战：战场前线(手游),https://www.taptap.com/app/48056/review
F0000180,QQ飞车(手游),https://www.taptap.com/app/55618/review
F0000181,恋与制作人(手游),https://www.taptap.com/app/55307/review
F0000182,光荣使命：使命行动(手游),https://www.taptap.com/app/58065/review
F0000183,斗战神（端游）,
F0000184,笑傲江湖OL（端游）,
F0000185,古剑奇谭（端游）,
F0000186,征途2（端游）,
F0000187,梦幻西游（端游）,
F0000188,qq飞车（端游）,
F0000189,梦三国（端游）,
F0000190,诛仙（端游）,
F0000191,御龙在天（端游）,
F0000192,完美世界（端游）,
F0000193,剑网3（端游）,
F0000194,九阴真经（端游）,
F0000195,轩辕剑6（端游）,
F0000196,武林外传（端游）,
F0000197,梦幻西游2（电脑版）,
F0000198,300英雄（端游）,
F0000199,神雕侠侣（端游）,
F0000200,光荣使命（端游）,
F0000201,梦三国2（端游）,
F0000202,仙剑奇侠传6（端游）,
F0000203,轩辕剑外传：穹之扉（端游）,
F0000204,天涯明月刀（端游）,
F0000205,刀剑2（端游）,
F0000206,大话西游2（端游）,
F0000207,枪神纪（端游）,
F0000208,侠客风云传（端游）,
F0000209,古剑奇谭2（端游）,
F0000210,洛川群侠传（端游）,
F0000211,失落城堡（端游）,
F0000212,符石守护者（端游）,
F0000213,返校（端游）,
F0000214,黑暗与光明（端游）,
F0000215,天谕（端游）,
F0000216,高考恋爱一百天（端游）,
F0000217,大天使之剑（页游）,
F0000218,传奇霸业（页游）,
F0000219,神仙道（页游）,
F0000220,热血三国系列（页游）,
F0000221,七雄争霸（页游）,
F0000222,烽火战国（页游）,
F0000223,凡人修真（页游）,
F0000224,三国乱世（页游）,
F0000234,,https://www.taptap.com/app/70280/review
F0000235,,https://www.taptap.com/app/29462/review
F0000236,,https://www.taptap.com/app/64403/review
F0000237,,https://www.taptap.com/app/34751/review
F0000238,,https://www.taptap.com/app/57179/review
F0000239,,https://www.taptap.com/app/51610/review
F0000240,,https://www.taptap.com/app/63070/review
F0000241,,https://www.taptap.com/app/10574/review
F0000242,,https://www.taptap.com/app/91078/review
F0000243,,https://www.taptap.com/app/27311/review
F0000244,,https://www.taptap.com/app/23916/review
F0000245,,https://www.taptap.com/app/58881/review
F0000246,,https://www.taptap.com/app/63328/review
F0000247,,https://www.taptap.com/app/55270/review
F0000248,,https://www.taptap.com/app/70052/review
F0000249,,https://www.taptap.com/app/74870/review
F0000250,,https://www.taptap.com/app/82932/review
F0000251,,https://www.taptap.com/app/62396/review
F0000252,,https://www.taptap.com/app/69383/review
F0000253,,https://www.taptap.com/app/61035/review
F0000254,,https://www.taptap.com/app/57285/review
F0000255,,https://www.taptap.com/app/67563/review
F0000256,,https://www.taptap.com/app/82150/review
F0000257,,https://www.taptap.com/app/69697/review
F0000258,,https://www.taptap.com/app/85980/review
F0000259,,https://www.taptap.com/app/57394/review
F0000260,,https://www.taptap.com/app/59902/review
F0000261,,https://www.taptap.com/app/10505/review
F0000262,,https://www.taptap.com/app/31597/review
F0000263,,
F0000264,途游斗地主（手游）,
F0000265,开心跳一跳（手游）,https://www.taptap.com/app/139146/review
F0000266,王牌战争（手游）,https://www.taptap.com/app/68030/review
F0000267,联众天天斗地主（手游）,
F0000268,中国象棋-cnvcs（手游）,
F0000269,逃跑吧！少年（手游）,https://www.taptap.com/app/99224/review
F0000270,开心斗（手游）,
F0000271,同桌游戏（手游）,
F0000272,一跳到底（手游）,https://www.taptap.com/app/139973/review
F0000273,疯狂的球球2（手游）,https://www.taptap.com/app/142907/review
F0000274,叶罗丽精灵梦（手游）,
F0000275,波克棋牌（手游）,
F0000276,神都夜行录（手游）,https://www.taptap.com/app/57546/review
F0000277,初音未来：梦幻歌姬（手游）,https://www.taptap.com/app/57313/review
F0000278,全民冠军足球（手游）,https://www.taptap.com/app/85600/review
F0000279,斗破苍穹：斗帝之路（手游）,https://www.taptap.com/app/85842/review
F0000280,神武3（手游）,https://www.taptap.com/app/67469/review
F0000281,太吾绘卷（端游）,
F0000282,中国式家长（端游）,
F0000283,六月斗地主（手游）,
F0000284,联众斗地主（手游）,
F0000285,疯狂的球球（手游）,
F0000286,红警OL（手游）,https://www.taptap.com/app/85839/topic
F0000287,航海王：燃烧意志（手游）,https://www.taptap.com/app/81134/topic
F0000288,走出去：归途24小时（手游）,https://www.taptap.com/app/79467/topic
F0000289,一零计划（手游）,https://www.taptap.com/app/64284/topic
F0000290,买房记（手游）,https://www.taptap.com/app/17225/topic
F0000291,还有这种操作2（手游）,https://www.taptap.com/app/73133/topic
F0000292,长生劫（手游）,https://www.taptap.com/app/38128/topic
F0000293,河洛群侠传（端游）,
F0000294,汉家江湖（手游）,https://www.taptap.com/app/45631/topic
F0000295,全职旅团（手游）,
F0000296,新诛仙（手游）,https://www.taptap.com/app/12964/topic
F0000297,放置江湖（手游）,https://www.taptap.com/app/11981/topic
F0000298,阿瑞斯病毒（手游）,https://www.taptap.com/app/83595/topic
F0000299,妖怪正传（手游）,https://www.taptap.com/app/67027/topic
F0000300,方舟指令（手游）,https://www.taptap.com/app/85452/topic
F0000301,超进化物语（手游）,https://www.taptap.com/app/14350/topic
F0000302,will：美好世界（端游）,
F0000303,单机麻将-西安同启通讯（手游）,
F0000304,中国象棋-LemonChess（手游）,
F0000305,博雅中国象棋（手游）,
F0000306,多乐保皇（手游）,
F0000307,明日之后（手游）,https://www.taptap.com/app/59520/topic
F0000308,时之歌（手游）,https://www.taptap.com/app/137514/topic
F0000309,轩辕剑online（手游）,https://www.taptap.com/app/133435/topic
F0000310,战舰世界：闪击战（手游）,https://www.taptap.com/app/133435/topic
F0000311,火影忍者OL（手游）,https://www.taptap.com/app/85846/topic
F0000312,光明勇士（手游）,https://www.taptap.com/app/84247/topic
F0000313,求生之战（手游）,https://www.taptap.com/app/61092/topic
F0000314,九黎（手游）,https://www.taptap.com/app/53419/topic
F0000315,永远的7日之都（手游）,https://www.taptap.com/app/18995/topic
F0000316,大中华食堂（手游）,https://www.taptap.com/app/61617/topic
F0000317,末日远征（手游）,https://www.taptap.com/app/44691/topic
F0000318,古剑奇谭3（端游）,
F0000303,单机麻将-西安同启通讯（手游）,
F0000304,中国象棋-LemonChess（手游）,
F0000305,博雅中国象棋（手游）,
F0000306,多乐保皇（手游）,
F0000307,明日之后（手游）,https://www.taptap.com/app/59520/review
F0000308,时之歌（手游）,https://www.taptap.com/app/137514/review
F0000309,轩辕剑online（手游）,https://www.taptap.com/app/133435/review
F0000310,战舰世界：闪击战（手游）,https://www.taptap.com/app/133435/review
F0000311,火影忍者OL（手游）,https://www.taptap.com/app/85846/review
F0000312,光明勇士（手游）,https://www.taptap.com/app/84247/review
F0000313,求生之战（手游）,https://www.taptap.com/app/61092/review
F0000314,九黎（手游）,https://www.taptap.com/app/53419/review
F0000315,永远的7日之都（手游）,https://www.taptap.com/app/18995/review
F0000316,大中华食堂（手游）,https://www.taptap.com/app/61617/review
F0000317,末日远征（手游）,https://www.taptap.com/app/44691/review
F0000318,古剑奇谭3（端游）,
