产品编号,产品名称,爱奇艺链接
A0000001,,http://www.iqiyi.com/a_19rrift3bg.html
A0000002,,http://www.iqiyi.com/a_19rrgj9kvh.html
A0000003,,http://www.iqiyi.com/a_19rrjs2php.html
A0000007,,http://www.iqiyi.com/a_19rrifssl2.html
A0000012,,http://www.iqiyi.com/a_19rrgic1nd.html
A0000013,,https://www.iqiyi.com/a_19rrgxgg0d.html
A0000016,,http://www.iqiyi.com/a_19rrh9ouv1.html
A0000017,,http://www.iqiyi.com/a_19rrjw3v0p.html
A0000019,,http://www.iqiyi.com/a_19rrgjdp51.html
A0000021,,http://www.iqiyi.com/a_19rrju4egp.html
A0000022,,http://www.iqiyi.com/a_19rrgjbgx1.html
A0000023,,http://www.iqiyi.com/a_19rrg4psih.html
A0000030,,http://www.iqiyi.com/a_19rrifssk5.html
A0000032,,http://www.iqiyi.com/a_19rrifssgr.html
A0000033,,http://www.iqiyi.com/a_19rrg5m185.html
A0000038,,http://www.iqiyi.com/a_19rriftry8.html
A0000040,,http://www.iqiyi.com/a_19rrgj9tnt.html
A0000044,,http://www.iqiyi.com/a_19rrgjaki9.html?vfm=m_294_wgtv
A0000046,,https://www.iqiyi.com/a_19rrh6pqj1.html
A0000050,,http://www.iqiyi.com/a_19rrjwf6nl.html
A0000051,,http://www.iqiyi.com/a_19rrgc7bd1.html
A0000052,,http://www.iqiyi.com/a_19rrjte7q1.html
A0000055,,http://www.iqiyi.com/a_19rrjqvfr1.html
A0000056,,http://www.iqiyi.com/a_19rrgjdj1l.html
A0000057,,http://www.iqiyi.com/a_19rrgjdr0t.html
A0000063,,http://www.iqiyi.com/a_19rrifrm2n.html
A0000064,,http://www.iqiyi.com/a_19rrhc183h.html
A0000068,,http://www.iqiyi.com/a_19rrgi8d91.html
A0000070,,http://www.iqiyi.com/a_19rrgie1z9.html
A0000074,,http://www.iqiyi.com/a_19rrgib1rx.html
A0000080,,http://www.iqiyi.com/a_19rrgifoc1.html
A0000083,,http://www.iqiyi.com/a_19rrgid0eh.html
A0000086,,http://www.iqiyi.com/a_19rrgi6crx.html
A0000087,,http://www.iqiyi.com/a_19rrhc0njp.html
A0000091,,http://www.iqiyi.com/a_19rrgiaoxx.html&tn=corty_1_dg
A0000092,,http://www.iqiyi.com/a_19rrgjdlgd.html
A0000093,,http://www.iqiyi.com/a_19rrhc2myd.html
A0000094,,http://www.iqiyi.com/a_19rrgiepdh.html
A0000096,,http://www.iqiyi.com/a_19rrhbzeyt.html#vfrm=2-4-0-1
A0000097,,http://www.iqiyi.com/a_19rrhc2olt.html
A0000098,,http://www.iqiyi.com/a_19rrhbvx9h.html
A0000099,,http://www.iqiyi.com/a_19rrhc1smx.html
A0000101,,http://www.iqiyi.com/a_19rrginmp9.html
A0000103,,http://www.iqiyi.com/a_19rrhc1sr9.html
A0000106,,http://www.iqiyi.com/a_19rrgibvnl.html
A0000107,,http://www.iqiyi.com/a_19rrgjbvap.html
A0000109,,http://www.iqiyi.com/a_19rrhc1a31.html
A0000112,,http://www.iqiyi.com/a_19rrhc26rt.html
A0000114,,http://www.iqiyi.com/a_19rrhc3bpx.html?vfm=2008_aldbd
A0000117,,http://www.iqiyi.com/a_19rrgjck65.html
A0000120,,http://www.iqiyi.com/a_19rrhbzn9t.html
A0000122,,http://www.iqiyi.com/a_19rrhc0u75.html
A0000123,,http://www.iqiyi.com/a_19rrhc3wk1.html
A0000124,,http://www.iqiyi.com/a_19rrhawpl5.html
A0000128,,http://www.iqiyi.com/a_19rrhbyt65.html
A0000129,,http://www.iqiyi.com/a_19rrhc1zfx.html
A0000131,,http://www.iqiyi.com/a_19rrhaxnrh.html
A0000133,,http://www.iqiyi.com/a_19rrhb27kd.html
A0000134,,http://www.iqiyi.com/a_19rrhaxnhl.html
A0000136,,http://www.iqiyi.com/a_19rrhbf5th.html
A0000137,,http://www.iqiyi.com/a_19rrhc3oc9.html
A0000141,,http://www.iqiyi.com/a_19rrgip3zd.html
A0000142,,http://www.iqiyi.com/a_19rrhbc69d.html
A0000144,,http://www.iqiyi.com/a_19rrhc1u0t.html
A0000147,,http://www.iqiyi.com/a_19rrhbze5h.html/
A0000148,,http://www.iqiyi.com/a_19rrhaxjhl.html
A0000150,,http://www.iqiyi.com/a_19rrhaxnc1.html
A0000151,,http://www.iqiyi.com/a_19rrhb4zoh.html
A0000154,,http://www.iqiyi.com/a_19rrhbep1h.html
A0000155,,http://www.iqiyi.com/a_19rrifssk3.html
A0000156,,http://www.iqiyi.com/a_19rrhbc5yl.html
A0000158,,http://www.iqiyi.com/a_19rrhayysl.html
A0000159,,http://www.iqiyi.com/a_19rrhc1qo9.html
A0000161,,http://www.iqiyi.com/a_19rrhb6mt1.html
A0000162,,http://www.iqiyi.com/a_19rrhacp0p.html
A0000163,,http://www.iqiyi.com/a_19rrhbdszd.html
A0000165,,http://www.iqiyi.com/a_19rrhc1wep.html
A0000166,,http://www.iqiyi.com/a_19rrhb0om5.html
A0000167,,http://www.iqiyi.com/a_19rrhavrp9.html
A0000170,,http://www.iqiyi.com/a_19rrhb8e4t.html
A0000171,,http://www.iqiyi.com/a_19rrhb0xzp.html
A0000172,,http://www.iqiyi.com/a_19rrhb6mfh.html
A0000174,,https://www.iqiyi.com/v_19rroe6rkc.html?vfm=2008_aldbd
A0000178,,http://www.iqiyi.com/a_19rrhb0y75.html
A0000179,,http://www.iqiyi.com/a_19rrhaxj4x.html
A0000183,,http://www.iqiyi.com/a_19rrhagj55.html
A0000186,,http://www.iqiyi.com/a_19rrhbd6ad.html
A0000188,,http://www.iqiyi.com/a_19rrhal3fp.html
A0000192,,http://www.iqiyi.com/a_19rrhbeaxt.html
A0000193,,http://www.iqiyi.com/a_19rrhbapjx.html
A0000194,,http://www.iqiyi.com/a_19rrhbft05.html
A0000196,,http://www.iqiyi.com/a_19rrhbgtnx.html
A0000197,,http://www.iqiyi.com/a_19rrhc496p.html
A0000198,,http://www.iqiyi.com/a_19rrhbbh01.html
A0000200,,http://www.iqiyi.com/a_19rrhbd4i9.html
A0000201,,http://www.iqiyi.com/a_19rrhaltkd.html
A0000202,,http://www.iqiyi.com/a_19rrhbf1gp.html
A0000203,,http://www.iqiyi.com/a_19rrhaccd1.html
A0000204,,http://www.iqiyi.com/a_19rrhaqtp1.html
A0000205,,http://www.iqiyi.com/a_19rrhb2oed.html
A0000206,,http://www.iqiyi.com/a_19rrhb8fjp.html
A0000208,,http://www.iqiyi.com/a_19rrh9oonl.html
A0000209,,http://www.iqiyi.com/a_19rrhaqkxp.html
A0000213,,http://www.iqiyi.com/a_19rrhb8d05.html
A0000214,,http://www.iqiyi.com/a_19rrhb9aux.html
A0000218,,http://www.iqiyi.com/a_19rrha469h.html
A0000225,,http://www.iqiyi.com/a_19rrhb0ppp.html
A0000226,,http://www.iqiyi.com/a_19rrhaniyh.html
A0000227,,http://www.iqiyi.com/a_19rrhb0red.html
A0000228,,http://www.iqiyi.com/a_19rrhaj5bt.html
A0000231,,http://www.iqiyi.com/lib/m_208673014.html
A0000233,,http://www.iqiyi.com/a_19rrhbbked.html
A0000236,,http://www.iqiyi.com/a_19rrhagil1.html
A0000239,,http://www.iqiyi.com/a_19rrhbevjp.html
A0000240,,http://www.iqiyi.com/a_19rrhbelit.html
A0000241,,http://www.iqiyi.com/a_19rrhbc1fh.html
A0000242,,http://www.iqiyi.com/a_19rrharlvd.html
A0000243,,http://www.iqiyi.com/a_19rrhalt31.html
A0000244,,http://www.iqiyi.com/a_19rrh9fkap.html
A0000245,,http://www.iqiyi.com/a_19rrhau0yl.html
A0000246,,http://www.iqiyi.com/a_19rrh9xr35.html
A0000247,,http://www.iqiyi.com/lib/m_208194614.html?src=search
A0000249,,http://www.iqiyi.com/a_19rrha7kjt.html
A0000251,,http://www.iqiyi.com/a_19rrha7zf5.html
A0000253,,http://www.iqiyi.com/a_19rrha6h6t.html
A0000254,,http://www.iqiyi.com/a_19rrh91ifx.html
A0000255,,http://www.iqiyi.com/a_19rrhau8s1.html
A0000256,,http://www.iqiyi.com/a_19rrh9zcud.html
A0000257,,https://www.iqiyi.com/a_19rrhbfso5.html
A0000258,,http://www.iqiyi.com/a_19rrh9z9yp.html
A0000259,,http://www.iqiyi.com/a_19rrh91y9l.html
A0000261,,http://www.iqiyi.com/a_19rrhf5snx.html
A0000262,,http://www.iqiyi.com/a_19rrha36e1.html
A0000265,,http://www.iqiyi.com/a_19rrh9zdip.html
A0000267,,http://www.iqiyi.com/a_19rrhana69.html
A0000268,,http://www.iqiyi.com/a_19rrh9tjkt.html
A0000271,,http://www.iqiyi.com/a_19rrhab8et.html
A0000273,,http://www.iqiyi.com/a_19rrh990gh.html
A0000274,,http://www.iqiyi.com/a_19rrhdlced.html
A0000275,,http://www.iqiyi.com/a_19rrh9ioxp.html
A0000278,,http://www.iqiyi.com/a_19rrhatc1p.html
A0000279,,http://www.iqiyi.com/a_19rrha6bcl.html
A0000280,,http://www.iqiyi.com/a_19rrh957dh.html
A0000281,,http://www.iqiyi.com/a_19rrhahba9.html
A0000282,,http://www.iqiyi.com/a_19rrhc2kzt.html
A0000283,,http://www.iqiyi.com/a_19rrhetldh.html
A0000286,,http://www.iqiyi.com/a_19rrh96n1d.html
A0000287,,http://www.iqiyi.com/a_19rrha6gph.html
A0000288,,http://www.iqiyi.com/a_19rrha1yct.html
A0000289,,http://www.iqiyi.com/a_19rrh8daad.html
A0000290,,http://www.iqiyi.com/a_19rrh9v3ct.html
A0000292,,http://www.iqiyi.com/lib/m_212911214.html?src=search
A0000293,,https://www.iqiyi.com/a_19rrh6k7yd.html
A0000294,,http://www.iqiyi.com/a_19rrh9gfq9.html
A0000296,,http://www.iqiyi.com/lib/m_212395014.html?src=search
A0000297,,https://www.iqiyi.com/a_19rrhd232d.html
A0000298,,http://www.iqiyi.com/lib/m_216238014.html?src=search
A0000300,,https://www.iqiyi.com/a_19rrgz3lm5.html
A0000301,,https://www.iqiyi.com/a_19rrh7vjr1.html
A0000302,,http://www.iqiyi.com/lib/m_215646414.html?src=search
A0000304,,http://www.iqiyi.com/lib/m_216645814.html?src=search
A0000305,,https://www.iqiyi.com/a_19rrh77zgl.html
A0000306,,https://www.iqiyi.com/a_19rrgytd51.html
A0000308,,http://www.iqiyi.com/lib/m_214606014.html?src=search
A0000309,,https://www.iqiyi.com/a_19rrha4rz5.html
A0000310,,http://www.iqiyi.com/a_19rrh0ktot.html
A0000311,,https://www.iqiyi.com/a_19rrh21zo5.html
A0000312,,https://www.iqiyi.com/a_19rrgzuhbh.html
A0000314,,https://www.iqiyi.com/a_19rrgznmid.html
A0000317,,http://www.iqiyi.com/a_19rrh1fkc5.html
A0000318,,https://www.iqiyi.com/a_19rrgy6s3x.html
A0000319,,https://www.iqiyi.com/a_19rrgxm865.html
A0000326,,http://www.iqiyi.com/a_19rrh1jhj9.html
A0000327,,http://www.iqiyi.com/lib/m_216488414.html?src=search
A0000329,,http://www.iqiyi.com/a_19rrh1eal1.html
A0000330,,https://www.iqiyi.com/a_19rrhe7hfh.html
A0000331,,http://www.iqiyi.com/a_19rrh9zdip.html
A0000333,,http://www.iqiyi.com/a_19rrhd2yi5.html
A0000335,,http://www.iqiyi.com/lib/m_212547714.html?src=search
A0000336,,http://www.iqiyi.com/lib/m_214616014.html?src=search
A0000337,,https://www.iqiyi.com/a_19rrhdhq7h.html
A0000338,,https://www.iqiyi.com/a_19rrh8fi4d.html
A0000339,,https://www.iqiyi.com/a_19rrhdho9h.html
A0000341,,https://www.iqiyi.com/a_19rrhfnusl.html
A0000343,,http://www.iqiyi.com/lib/m_214079614.html?src=search
A0000344,,http://www.iqiyi.com/a_19rrh049ol.html
A0000346,,http://www.iqiyi.com/lib/m_216557614.html?src=search
A0000347,,http://www.iqiyi.com/a_19rrgy6rc5.html?vfm=2008_aldbd
A0000348,,https://www.iqiyi.com/a_19rrgzseul.html
A0000349,,http://www.iqiyi.com/a_19rrhakmkd.html
A0000352,,http://www.iqiyi.com/lib/m_214716614.html?src=search
A0000354,,https://www.iqiyi.com/a_19rrh9ocxh.html
A0000355,,https://www.iqiyi.com/a_19rrhcephp.html
A0000357,,http://www.iqiyi.com/a_19rrh0z8gd.html
A0000359,,http://www.iqiyi.com/lib/m_212679614.html?src=search
A0000361,,http://www.iqiyi.com/lib/m_216995814.html?src=search
A0000363,,https://www.iqiyi.com/a_19rrh1ipgl.html
A0000364,,http://www.iqiyi.com/a_19rrh7rfx1.html
A0000366,,http://www.iqiyi.com/lib/m_212395414.html?src=search
A0000367,,https://www.iqiyi.com/a_19rrh98qop.html
A0000369,,https://www.iqiyi.com/a_19rrgzs899.html
A0000374,,https://www.iqiyi.com/a_19rrgzigst.html
A0000375,,http://www.iqiyi.com/lib/m_211366214.html?src=search
A0000380,,http://www.iqiyi.com/a_19rrhcunth.html
A0000382,,https://www.iqiyi.com/a_19rrh08ap9.html
A0000384,,http://www.iqiyi.com/lib/m_216839214.html?src=search
A0000385,,http://www.iqiyi.com/lib/m_215078814.html?src=search
A0000389,,http://www.iqiyi.com/a_19rrh18evx.html
A0000391,,http://www.iqiyi.com/lib/m_217076614.html?src=search
A0000394,,https://www.iqiyi.com/a_19rrh1hvkt.html
A0000396,,https://www.iqiyi.com/a_19rrh0zual.html
A0000399,,https://www.iqiyi.com/a_19rrh9s41x.html
A0000401,,http://www.iqiyi.com/lib/m_214718814.html?src=search
A0000402,,http://www.iqiyi.com/lib/m_216635214.html?src=search
A0000403,,http://www.iqiyi.com/lib/m_216381414.html?src=search
A0000405,,http://www.iqiyi.com/lib/m_210179514.html?src=search
A0000406,,http://www.iqiyi.com/lib/m_217713614.html?src=search
A0000409,,https://www.iqiyi.com/a_19rrhf62jh.html
A0000410,,https://www.iqiyi.com/a_19rrh24col.html
A0000412,,http://www.iqiyi.com/lib/m_215238014.html?src=search
A0000413,,http://www.iqiyi.com/lib/m_216384214.html?src=search
A0000414,,https://www.iqiyi.com/a_19rrhe9pel.html
A0000419,,http://www.iqiyi.com/a_19rrh9pp5p.html
A0000420,,http://www.iqiyi.com/a_19rrh0dza5.html
A0000421,,https://www.iqiyi.com/a_19rrgyiznh.html
A0000425,,http://www.iqiyi.com/a_19rrgzwhz1.html
A0000429,,http://www.iqiyi.com/a_19rrgxxz9h.html
A0000430,,http://www.iqiyi.com/lib/m_217910414.html?src=search
A0000432,,https://www.iqiyi.com/a_19rrh7u4fx.html
A0000433,,http://www.iqiyi.com/a_19rrh9km3x.html?vfm=2008_aldbd
A0000435,,http://www.iqiyi.com/a_19rrhddtst.html?vfm=2008_aldbd
A0000436,,http://www.iqiyi.com/a_19rrh5h6ah.html?vfm=2008_aldbd
A0000441,,http://www.iqiyi.com/a_19rrhcyik5.html?vfm=2008_aldbd
A0000442,,http://www.iqiyi.com/a_19rrh6cc1p.html?vfm=2008_aldbd
A0000443,,http://www.iqiyi.com/lib/m_212137814.html
A0000446,,http://www.iqiyi.com/a_19rrh6nqr5.html?vfm=2008_aldbd
A0000447,,http://www.iqiyi.com/a_19rrh5wmil.html?vfm=2008_aldbd
A0000450,,http://www.iqiyi.com/a_19rrhd8zmt.html?vfm=2008_aldbd
A0000454,,http://www.iqiyi.com/a_19rrh6f9h5.html?vfm=2008_aldbd
A0000455,,http://www.iqiyi.com/a_19rrh6zp0d.html?vfm=2008_aldbd
A0000456,,http://www.iqiyi.com/a_19rrhezz45.html?vfm=2008_aldbd
A0000457,,http://www.iqiyi.com/a_19rrh5cl15.html?vfm=2008_aldbd
A0000458,,http://www.iqiyi.com/a_19rrh5yj0p.html?vfm=2008_aldbd
A0000460,,http://www.iqiyi.com/a_19rrheqfrh.html?vfm=2008_aldbd
A0000461,,http://www.iqiyi.com/a_19rrh6cp8x.html?vfm=2008_aldbd
A0000462,,http://www.iqiyi.com/a_19rrh68lgl.html?vfm=2008_aldbd
A0000463,,http://www.iqiyi.com/a_19rrh68g1h.html?vfm=2008_aldbd
A0000465,,http://www.iqiyi.com/a_19rrh6yhid.html?vfm=2008_aldbd
A0000466,,http://www.iqiyi.com/a_19rrh6b1tt.html?vfm=2008_aldbd
A0000467,,http://www.iqiyi.com/a_19rrh0m1d1.html?vfm=2008_aldbd
A0000468,,http://www.iqiyi.com/a_19rrgzg3pp.html?vfm=2008_aldbd
A0000470,,http://www.iqiyi.com/a_19rrh74czd.html?vfm=2008_aldbd
B0000004,,http://www.iqiyi.com/lib/m_200056514.html?src=search
B0000009,,https://www.iqiyi.com/lib/m_200058214.html
B0000012,,http://www.iqiyi.com/lib/m_200054314.html?src=search
B0000013,,https://www.iqiyi.com/lib/m_200057714.html
B0000016,,http://www.iqiyi.com/lib/m_200113514.html?src=search
B0000018,,https://www.iqiyi.com/lib/m_201125314.html
B0000020,,https://www.iqiyi.com/lib/m_200132414.html
B0000021,,https://www.iqiyi.com/lib/m_200112614.html
B0000023,,https://www.iqiyi.com/lib/m_201095414.html
B0000029,,http://www.iqiyi.com/lib/m_212665414.html?src=search
B0000030,,http://www.iqiyi.com/lib/m_201185214.html?src=search
B0000033,,https://www.iqiyi.com/lib/m_200084214.html
B0000034,,http://www.iqiyi.com/lib/m_200170014.html?src=search
B0000035,,https://www.iqiyi.com/lib/m_200054814.html
B0000037,,http://www.iqiyi.com/a_19rrh9bv4d.html
B0000040,,http://www.iqiyi.com/lib/m_203753314.html?src=search
B0000043,,https://www.iqiyi.com/lib/m_200136114.html
B0000049,,http://www.iqiyi.com/lib/m_203104714.html?src=search
B0000052,,https://www.iqiyi.com/lib/m_200132714.html
B0000054,,https://www.iqiyi.com/lib/m_210156314.html
B0000057,,https://www.iqiyi.com/lib/m_200135614.html
B0000061,,https://www.iqiyi.com/lib/m_200058514.html
B0000062,,https://www.iqiyi.com/lib/m_205349314.html
B0000063,,https://www.iqiyi.com/lib/m_200056714.html
B0000064,,https://www.iqiyi.com/lib/m_200206514.html
B0000067,,http://www.iqiyi.com/lib/m_200149514.html?src=search
B0000068,,https://www.iqiyi.com/lib/m_200148914.html
B0000069,,https://www.iqiyi.com/lib/m_205348714.html
B0000070,,https://www.iqiyi.com/lib/m_200180514.html
B0000071,,https://www.iqiyi.com/lib/m_205131014.html
B0000072,,https://www.iqiyi.com/lib/m_200055414.html
B0000073,,https://www.iqiyi.com/lib/m_200236514.html
B0000074,,https://www.iqiyi.com/lib/m_205081114.html
B0000075,,https://www.iqiyi.com/lib/m_200226714.html
B0000076,,https://www.iqiyi.com/lib/m_203060314.html
B0000078,,https://www.iqiyi.com/lib/m_200177414.html
B0000079,,http://www.iqiyi.com/lib/m_212648914.html?src=search
B0000080,,https://www.iqiyi.com/lib/m_205357214.html
B0000081,,https://www.iqiyi.com/lib/m_205041914.html
B0000085,,https://www.iqiyi.com/lib/m_205344714.html
B0000088,,https://www.iqiyi.com/lib/m_205345014.html
B0000089,,https://www.iqiyi.com/lib/m_205348414.html
B0000091,,https://www.iqiyi.com/lib/m_200068014.html
B0000093,,https://www.iqiyi.com/lib/m_205343414.html
B0000095,,https://www.iqiyi.com/lib/m_200069114.html
B0000096,,https://www.iqiyi.com/lib/m_205027314.html
B0000097,,http://www.iqiyi.com/lib/m_205296314.html?src=search
B0000100,,https://www.iqiyi.com/lib/m_200080314.html
B0000101,,https://www.iqiyi.com/lib/m_200084414.html
B0000102,,https://www.iqiyi.com/lib/m_205030514.html
B0000104,,https://www.iqiyi.com/lib/m_200167814.html
B0000105,,https://www.iqiyi.com/lib/m_205374114.html
B0000106,,https://www.iqiyi.com/v_19rr7zgx3w.html
B0000109,,https://www.iqiyi.com/lib/m_200180414.html
B0000110,,https://www.iqiyi.com/lib/m_200217214.html
B0000112,,http://www.iqiyi.com/lib/m_205534814.html?src=search
B0000113,,https://www.iqiyi.com/a_19rrh9bsr9.html
B0000115,,http://www.iqiyi.com/lib/m_205416814.html?src=search
B0000117,,http://www.iqiyi.com/a_19rrhb2wzd.html?vfm=m_331_dbdy
B0000119,,https://www.iqiyi.com/lib/m_206275314.html
B0000121,,https://www.iqiyi.com/lib/m_206401714.html
B0000122,,https://www.iqiyi.com/lib/m_207267414.html
B0000123,,https://www.iqiyi.com/lib/m_206274714.html
B0000124,,https://www.iqiyi.com/lib/m_205481714.html
B0000125,,http://www.iqiyi.com/lib/m_212648714.html?src=search
B0000127,,https://www.iqiyi.com/lib/m_206275414.html
B0000130,,https://www.iqiyi.com/lib/m_207374614.html
B0000131,,http://www.iqiyi.com/lib/m_208073114.html?src=search
B0000132,,https://www.iqiyi.com/lib/m_205517314.html
B0000134,,https://www.iqiyi.com/lib/m_206400414.html
B0000135,,https://www.iqiyi.com/lib/m_205359514.html
B0000137,,https://www.iqiyi.com/lib/m_206075814.html
B0000139,,https://www.iqiyi.com/lib/m_205360114.html
B0000140,,https://www.iqiyi.com/lib/m_205350214.html
B0000141,,https://www.iqiyi.com/lib/m_206895614.html
B0000142,,https://www.iqiyi.com/lib/m_205481314.html
B0000143,,https://www.iqiyi.com/lib/m_208376114.html
B0000144,,https://www.iqiyi.com/lib/m_206565814.html
B0000145,,https://www.iqiyi.com/lib/m_208585114.html
B0000146,,https://www.iqiyi.com/lib/m_205361914.html
B0000147,,https://www.iqiyi.com/lib/m_205080614.html
B0000149,,http://www.iqiyi.com/lib/m_205525114.html?src=search
B0000150,,https://www.iqiyi.com/lib/m_205360014.html
B0000151,,https://www.iqiyi.com/lib/m_208072014.html
B0000152,,https://www.iqiyi.com/lib/m_205772214.html
B0000153,,https://www.iqiyi.com/lib/m_207888814.html
B0000155,,https://www.iqiyi.com/lib/m_206275014.html
B0000156,,https://www.iqiyi.com/lib/m_207114614.html
B0000157,,https://www.iqiyi.com/lib/m_205346814.html
B0000158,,https://www.iqiyi.com/lib/m_207682514.html
B0000159,,https://www.iqiyi.com/lib/m_207266714.html
B0000161,,https://www.iqiyi.com/lib/m_205360214.html
B0000162,,https://www.iqiyi.com/lib/m_208671414.html
B0000164,,https://www.iqiyi.com/lib/m_206869014.html
B0000165,,https://www.iqiyi.com/lib/m_205349014.html
B0000167,,https://www.iqiyi.com/lib/m_207888514.html
B0000169,,https://www.iqiyi.com/lib/m_205091014.html
B0000170,,https://www.iqiyi.com/lib/m_205349614.html
B0000171,,https://www.iqiyi.com/lib/m_205512614.html
B0000173,,https://www.iqiyi.com/lib/m_208670314.html
B0000174,,https://www.iqiyi.com/lib/m_208293414.html
B0000175,,https://www.iqiyi.com/a_19rrh9dff9.html
B0000176,,https://www.iqiyi.com/lib/m_207213714.html
B0000177,,https://www.iqiyi.com/lib/m_212498814.html
B0000178,,https://www.iqiyi.com/lib/m_206407614.html
B0000179,,https://www.iqiyi.com/lib/m_205360714.html
B0000180,,https://www.iqiyi.com/lib/m_209381514.html
B0000181,,http://www.iqiyi.com/lib/m_208836114.html?src=search
B0000182,,https://www.iqiyi.com/lib/m_208073314.html
B0000183,,https://www.iqiyi.com/lib/m_210357314.html
B0000184,,https://www.iqiyi.com/lib/m_209838814.html
B0000186,,http://www.iqiyi.com/lib/m_207271014.html?src=search
B0000187,,https://www.iqiyi.com/lib/m_210140014.html
B0000188,,https://www.iqiyi.com/lib/m_209046814.html
B0000189,,https://www.iqiyi.com/lib/m_208442114.html
B0000190,,https://www.iqiyi.com/lib/m_210923414.html
B0000191,,https://www.iqiyi.com/lib/m_209005214.html
B0000192,,https://www.iqiyi.com/lib/m_211295814.html
B0000193,,https://www.iqiyi.com/lib/m_210270414.html
B0000194,,https://www.iqiyi.com/lib/m_208462814.html
B0000195,,https://www.iqiyi.com/lib/m_208206214.html
B0000196,,https://www.iqiyi.com/lib/m_208718814.html
B0000198,,https://www.iqiyi.com/lib/m_207907614.html
B0000199,,http://www.iqiyi.com/a_19rrhahd7l.html?vfm=m_331_dbdy
B0000200,,http://www.iqiyi.com/lib/m_209936414.html?src=search
B0000201,,http://www.iqiyi.com/lib/m_209489614.html?src=search
B0000202,,http://www.iqiyi.com/lib/m_209268814.html?src=search
B0000203,,http://www.iqiyi.com/lib/m_209383714.html?src=search
B0000205,,http://www.iqiyi.com/lib/m_209996014.html?src=search
B0000207,,http://www.iqiyi.com/lib/m_210489714.html?src=search
B0000208,,http://www.iqiyi.com/lib/m_209382114.html?src=search
B0000210,,http://www.iqiyi.com/lib/m_209374414.html?src=search
B0000212,,http://www.iqiyi.com/lib/m_209374914.html?src=search
B0000213,,http://www.iqiyi.com/lib/m_211091014.html?src=search
B0000214,,http://www.iqiyi.com/lib/m_210142314.html?src=search
B0000217,,http://www.iqiyi.com/lib/m_209021914.html?src=search
B0000218,,http://www.iqiyi.com/lib/m_209810314.html?src=search
B0000221,,http://www.iqiyi.com/lib/m_210380714.html?src=search
B0000222,,http://www.iqiyi.com/lib/m_209654014.html?src=search
B0000223,,http://www.iqiyi.com/lib/m_208814014.html
B0000224,,http://www.iqiyi.com/lib/m_213976014.html?src=search
B0000227,,http://www.iqiyi.com/lib/m_209924614.html?src=search
B0000232,,http://www.iqiyi.com/lib/m_210529214.html?src=search
B0000233,,http://www.iqiyi.com/lib/m_210235114.html?src=search
B0000237,,http://www.iqiyi.com/lib/m_215702614.html?src=search
B0000238,,http://www.iqiyi.com/lib/m_212054814.html?src=search
B0000239,,http://www.iqiyi.com/lib/m_213140814.html?src=search
B0000240,,http://www.iqiyi.com/lib/m_214563614.html?src=search
B0000241,,http://www.iqiyi.com/lib/m_212053214.html?src=search
B0000242,,http://www.iqiyi.com/lib/m_213242814.html?src=search
B0000243,,http://www.iqiyi.com/lib/m_207945114.html?src=search
B0000244,,http://www.iqiyi.com/lib/m_207137814.html?src=search
B0000245,,http://www.iqiyi.com/lib/m_216716814.html?src=search
B0000246,,http://www.iqiyi.com/lib/m_211912614.html?src=search
B0000247,,http://www.iqiyi.com/lib/m_214241014.html?src=search
B0000248,,http://www.iqiyi.com/lib/m_209909214.html?src=search
B0000249,,http://www.iqiyi.com/lib/m_211215314.html?src=search
B0000251,,http://www.iqiyi.com/lib/m_213731214.html?src=search
B0000252,,http://www.iqiyi.com/lib/m_214757814.html?src=search
B0000253,,http://www.iqiyi.com/lib/m_212053014.html?src=search
B0000254,,http://www.iqiyi.com/lib/m_215099614.html?src=search
B0000255,,http://www.iqiyi.com/lib/m_211994314.html?src=search
B0000256,,http://www.iqiyi.com/lib/m_211290214.html?src=search
B0000257,,http://www.iqiyi.com/lib/m_209668814.html?src=search
B0000258,,http://www.iqiyi.com/lib/m_214174214.html?src=search
B0000259,,http://www.iqiyi.com/lib/m_212051314.html?src=search
B0000260,,http://www.iqiyi.com/lib/m_215952214.html?src=search
B0000261,,http://www.iqiyi.com/lib/m_216401214.html?src=search
B0000262,,http://www.iqiyi.com/lib/m_217906614.html?src=search
B0000263,,http://www.iqiyi.com/lib/m_212050514.html?src=search
B0000264,,http://www.iqiyi.com/lib/m_212053614.html?src=search
B0000265,,http://www.iqiyi.com/lib/m_211134414.html?src=search
B0000266,,http://www.iqiyi.com/lib/m_216426014.html?src=search
B0000267,,http://www.iqiyi.com/lib/m_212700614.html?src=search
B0000269,,http://www.iqiyi.com/lib/m_215210614.html?src=search
B0000270,,http://www.iqiyi.com/lib/m_211663014.html?src=search
B0000271,,http://www.iqiyi.com/lib/m_213852414.html?src=search
B0000272,,http://www.iqiyi.com/lib/m_215054814.html?src=search
B0000273,,http://www.iqiyi.com/lib/m_211276314.html?src=search
B0000274,,http://www.iqiyi.com/lib/m_210631414.html?src=search
B0000275,,http://www.iqiyi.com/lib/m_212127914.html?src=search
B0000276,,http://www.iqiyi.com/lib/m_216684014.html?src=search
B0000277,,http://www.iqiyi.com/lib/m_212259714.html?src=search
B0000278,,http://www.iqiyi.com/lib/m_216901214.html?src=search
B0000279,,http://www.iqiyi.com/lib/m_215195014.html?src=search
B0000280,,http://www.iqiyi.com/lib/m_215257014.html?src=search
B0000282,,http://www.iqiyi.com/lib/m_209411314.html?src=search
B0000285,,http://www.iqiyi.com/lib/m_212053714.html?src=search
B0000286,,http://www.iqiyi.com/lib/m_213715214.html?src=search
B0000287,,http://www.iqiyi.com/lib/m_210752014.html?src=search
B0000288,,http://www.iqiyi.com/lib/m_216123214.html?src=search
B0000289,,http://www.iqiyi.com/lib/m_209699614.html?src=search
B0000291,,http://www.iqiyi.com/lib/m_216529014.html?src=search
B0000292,,http://www.iqiyi.com/lib/m_214165214.html?src=search
B0000294,,http://www.iqiyi.com/lib/m_213694614.html?src=search
B0000295,,http://www.iqiyi.com/lib/m_212316214.html?src=search
B0000296,,http://www.iqiyi.com/lib/m_211792114.html?src=search
B0000297,,http://www.iqiyi.com/lib/m_212051914.html?src=search
B0000298,,http://www.iqiyi.com/lib/m_212482414.html?src=search
B0000299,,http://www.iqiyi.com/lib/m_212451114.html?src=search
B0000301,,http://www.iqiyi.com/lib/m_209376314.html?src=search
B0000302,,http://www.iqiyi.com/lib/m_209004314.html?src=search
B0000303,,http://www.iqiyi.com/lib/m_211628114.html?src=search
B0000304,,http://www.iqiyi.com/lib/m_217242814.html?src=search
B0000305,,http://www.iqiyi.com/lib/m_210571314.html?src=search
B0000307,,http://www.iqiyi.com/lib/m_215104214.html?src=search
B0000308,,http://www.iqiyi.com/lib/m_216700014.html?src=search
B0000309,,http://www.iqiyi.com/lib/m_210481114.html?src=search
B0000310,,http://www.iqiyi.com/lib/m_214946214.html?src=search
B0000311,,http://www.iqiyi.com/lib/m_210140914.html?src=search
B0000315,,http://www.iqiyi.com/lib/m_217075214.html?src=search
B0000316,,http://www.iqiyi.com/lib/m_217317414.html?src=search
B0000318,,http://www.iqiyi.com/lib/m_216561814.html?src=search
B0000320,,http://www.iqiyi.com/lib/m_210787014.html?src=search
B0000321,,http://www.iqiyi.com/lib/m_208460214.html?src=search
B0000322,,http://www.iqiyi.com/lib/m_213657814.html?src=search
B0000323,,http://www.iqiyi.com/lib/m_212635914.html?src=search
B0000324,,http://www.iqiyi.com/lib/m_216495214.html?src=search
B0000325,,http://www.iqiyi.com/lib/m_217563214.html?src=search
B0000326,,http://www.iqiyi.com/lib/m_215080414.html?src=search
B0000327,,http://www.iqiyi.com/lib/m_213548014.html?src=search
B0000328,,http://www.iqiyi.com/lib/m_216964214.html?src=search
B0000329,,http://www.iqiyi.com/lib/m_213729414.html?src=search
B0000330,,http://www.iqiyi.com/lib/m_215291014.html?src=search
B0000332,,http://www.iqiyi.com/lib/m_214175814.html?src=search
B0000333,,http://www.iqiyi.com/lib/m_216915214.html?src=search
B0000336,,http://www.iqiyi.com/lib/m_216924614.html?src=search
B0000338,,http://www.iqiyi.com/lib/m_212343114.html?src=search
B0000339,,http://www.iqiyi.com/lib/m_215047814.html?src=search
B0000341,,http://www.iqiyi.com/lib/m_211953414.html?src=search
B0000342,,http://www.iqiyi.com/lib/m_215506814.html?src=search
B0000343,,http://www.iqiyi.com/lib/m_216649014.html?src=search
B0000344,,http://www.iqiyi.com/lib/m_215302614.html?src=search
B0000346,,http://www.iqiyi.com/lib/m_215269414.html?src=search
B0000348,,http://www.iqiyi.com/lib/m_217603614.html?src=search
B0000349,,http://www.iqiyi.com/lib/m_216397214.html?src=search
B0000350,,http://www.iqiyi.com/lib/m_214221614.html?src=search
B0000351,,http://www.iqiyi.com/lib/m_216724814.html?src=search
B0000352,,http://www.iqiyi.com/lib/m_217163014.html?src=search
B0000353,,http://www.iqiyi.com/lib/m_217617414.html?src=search
B0000354,,http://www.iqiyi.com/lib/m_211602414.html?src=search
B0000355,,http://www.iqiyi.com/lib/m_217515214.html?src=search
B0000356,,http://www.iqiyi.com/lib/m_211996414.html?src=search
B0000357,,http://www.iqiyi.com/lib/m_218021414.html?src=search
B0000360,,http://www.iqiyi.com/lib/m_217061614.html?src=search
B0000361,,http://www.iqiyi.com/lib/m_213850214.html?src=search
B0000363,,http://www.iqiyi.com/lib/m_216041414.html?src=search
B0000364,,http://www.iqiyi.com/lib/m_212513014.html?src=search
B0000365,,http://www.iqiyi.com/lib/m_211555314.html?src=search
B0000368,,http://www.iqiyi.com/lib/m_217892014.html?src=search
B0000369,,http://www.iqiyi.com/lib/m_216468014.html?src=search
B0000370,,http://www.iqiyi.com/lib/m_217042414.html?src=search
B0000371,,http://www.iqiyi.com/lib/m_217161414.html?src=search
B0000373,,http://www.iqiyi.com/lib/m_217805614.html?src=search
B0000375,,http://www.iqiyi.com/lib/m_217940614.html?src=search
B0000376,,http://www.iqiyi.com/lib/m_217018214.html?src=search
B0000380,,http://www.iqiyi.com/lib/m_217674614.html
B0000387,,http://www.iqiyi.com/lib/m_217330214.html
B0000388,,http://www.iqiyi.com/lib/m_217661614.html
B0000390,,http://www.iqiyi.com/lib/m_216891014.html
B0000391,,http://www.iqiyi.com/lib/m_218346814.html
B0000392,,http://www.iqiyi.com/lib/m_218218214.html
B0000394,,http://www.iqiyi.com/lib/m_217268814.html
B0000399,,http://www.iqiyi.com/lib/m_218210414.html
B0000402,,http://www.iqiyi.com/lib/m_218105814.html
B0000403,,http://www.iqiyi.com/lib/m_217866814.html
B0000407,,http://www.iqiyi.com/lib/m_215291414.html?src=search
B0000408,,http://www.iqiyi.com/lib/m_218263414.html?src=search
B0000409,,http://www.iqiyi.com/lib/m_216918814.html?src=search
B0000410,,http://www.iqiyi.com/lib/m_218238414.html?src=search
B0000412,,http://www.iqiyi.com/lib/m_217079614.html?src=search
B0000414,,http://www.iqiyi.com/lib/m_218271814.html?src=search
B0000416,,http://www.iqiyi.com/lib/m_218265814.html?src=search
B0000417,,http://www.iqiyi.com/lib/m_217962614.html?src=search
B0000418,,http://www.iqiyi.com/lib/m_218352014.html?src=search
B0000420,,http://www.iqiyi.com/lib/m_218244614.html?src=search
B0000421,,http://www.iqiyi.com/lib/m_218238614.html?src=search
B0000425,,http://www.iqiyi.com/lib/m_218325614.html?src=search
C0000001,,http://www.iqiyi.com/a_19rrk101r5.html
C0000002,,http://www.iqiyi.com/a_19rrjqmxrh.html?vfm=2008_aldbd
C0000003,,http://www.iqiyi.com/a_19rrj64leh.html
C0000004,,http://www.iqiyi.com/a_19rrj64lit.html
C0000005,,http://www.iqiyi.com/a_19rrg5fbbt.html
C0000006,,http://www.iqiyi.com/a_19rrk38hit.html?vfm=2008_aldbd
C0000008,,http://www.iqiyi.com/a_19rrh7arvh.html
C0000009,,https://www.iqiyi.com/a_19rrk3r17d.html
C0000010,,http://www.iqiyi.com/a_19rrk2hkmp.html
C0000011,,https://www.iqiyi.com/a_19rrk05yh9.html
C0000012,,http://www.iqiyi.com/a_19rrj64mnh.html
C0000013,,http://www.iqiyi.com/a_19rrk3ndgl.html
C0000015,,http://www.iqiyi.com/a_19rrh6wdv1.html
C0000016,,https://www.iqiyi.com/a_19rrj62p31.html
C0000017,,https://www.iqiyi.com/a_19rrj62p09.html
C0000018,,https://www.iqiyi.com/a_19rrj55h35.html
C0000019,,https://www.iqiyi.com/a_19rriftxk1.html
C0000020,,https://www.iqiyi.com/a_19rrk3dsap.html
C0000021,,https://www.iqiyi.com/a_19rrj62dyx.html
C0000023,,https://www.iqiyi.com/a_19rrjyfkdp.html
C0000024,,https://www.iqiyi.com/a_19rrjygixh.html
C0000026,,https://www.iqiyi.com/a_19rrjsev9l.html
C0000028,,https://www.iqiyi.com/a_19rrk2po6x.html
C0000029,,http://www.iqiyi.com/a_19rrk42sp1.html
C0000030,,http://www.iqiyi.com/a_19rrk5b3r1.html
C0000031,,https://www.iqiyi.com/a_19rrj62r0d.html
C0000032,,http://www.iqiyi.com/a_19rrjz40kh.html
C0000033,,http://www.iqiyi.com/a_19rrhbkfzd.html
C0000034,,https://www.iqiyi.com/a_19rrk75bi1.html
C0000035,,http://www.iqiyi.com/a_19rrifrqo2.html
C0000036,,https://www.iqiyi.com/v_19rro1yha4.html
C0000042,,http://www.iqiyi.com/a_19rrh1svhh.html
C0000044,,http://www.iqiyi.com/a_19rrk1bvf9.html
C0000046,,http://www.iqiyi.com/a_19rrk2kkw5.html
C0000047,,http://www.iqiyi.com/a_19rrgifw1p.html
C0000048,,http://www.iqiyi.com/a_19rrgifvp1.html
C0000049,,http://www.iqiyi.com/a_19rrgifvyx.html
C0000050,,http://www.iqiyi.com/a_19rrgia409.html
C0000051,,http://www.iqiyi.com/a_19rrgia3ix.html
C0000052,,http://www.iqiyi.com/a_19rrgjdov5.html
C0000054,,http://www.iqiyi.com/a_19rrhbkfv1.html
C0000055,,http://www.iqiyi.com/a_19rrj64thx.html
C0000056,,http://www.iqiyi.com/lib/m_208595914.html?src=search
C0000057,,http://www.iqiyi.com/a_19rrha4u45.html
C0000058,,http://www.iqiyi.com/a_19rrha7f5p.html
C0000059,,http://www.iqiyi.com/a_19rrhc0rgl.html
C0000060,,http://www.iqiyi.com/a_19rrhc0rkx.html
C0000066,,http://www.iqiyi.com/a_19rrh1t9c5.html
C0000068,,http://www.iqiyi.com/lib/m_201528514.html
C0000069,,https://www.iqiyi.com/a_19rrk3e43t.html
C0000071,,http://www.iqiyi.com/a_19rrgcpke9.html
C0000072,,http://www.iqiyi.com/a_19rrhaylyh.html
C0000073,,http://www.iqiyi.com/a_19rrh7uxvp.html
C0000074,,http://www.iqiyi.com/a_19rrgiejp5.html
C0000075,,https://www.iqiyi.com/a_19rrjsk2ph.html
C0000076,,http://www.iqiyi.com/lib/m_200043814.html?src=search
C0000077,,http://www.iqiyi.com/a_19rrifs1rp.html?vfm=2008_aldbd
C0000079,,http://www.iqiyi.com/a_19rrjw4bz1.html?vfm=2008_aldbd
C0000080,,http://www.iqiyi.com/a_19rrgj9wdt.html?vfm=2008_aldbd
C0000081,,http://www.iqiyi.com/a_19rrhc0rjd.html?vfm=2008_aldbd
C0000082,,http://www.iqiyi.com/a_19rrgi7b1p.html?vfm=2008_aldbd
C0000083,,http://www.iqiyi.com/a_19rrgj93q1.html
C0000084,,http://www.iqiyi.com/lib/m_200075714.html
C0000085,,http://www.iqiyi.com/a_19rrjyk96l.html?vfm=2008_aldbd
C0000086,,http://www.iqiyi.com/a_19rrhc0obd.html?vfm=2008_aldbd
C0000087,,http://www.iqiyi.com/a_19rrginmjp.html?vfm=2008_aldbd
C0000088,,http://www.iqiyi.com/a_19rrginng9.html?vfm=2008_aldbd
C0000089,,http://www.iqiyi.com/a_19rrginf7x.html
C0000090,,http://www.iqiyi.com/a_19rrifrrok.html?vfm=2008_aldbd
C0000091,,http://www.iqiyi.com/a_19rrgc4sz1.html
C0000093,,http://www.iqiyi.com/a_19rrgjdnl5.html?vfm=2008_aldbd
C0000094,,http://www.iqiyi.com/a_19rrgj8yuh.html?vfm=2008_aldbd
C0000095,,http://www.iqiyi.com/a_19rrgjdngt.html?vfm=2008_aldbd
C0000096,,http://www.iqiyi.com/a_19rrjq67fx.html?vfm=2008_aldbd
C0000097,,http://www.iqiyi.com/a_19rrgj9nwd.html?vfm=2008_aldbd
C0000098,,http://www.iqiyi.com/a_19rrgiabwd.html?vfm=2008_aldbd
C0000099,,http://www.iqiyi.com/a_19rrh9wnbx.html?vfm=2008_aldbd
C0000100,,http://www.iqiyi.com/a_19rrifrtlk.html?vfm=2008_aldbd
C0000102,,http://www.iqiyi.com/a_19rrg4dpm9.html
C0000103,,http://www.iqiyi.com/a_19rrgjcteh.html
C0000104,,http://www.iqiyi.com/a_19rrhc0pzl.html?vfm=2008_aldbd
C0000105,,http://www.iqiyi.com/a_19rrhc0pot.html
C0000106,,http://www.iqiyi.com/a_19rrhc0qx5.html?vfm=2008_aldbd
C0000107,,http://www.iqiyi.com/a_19rrhc0r1h.html?vfm=2008_aldbd
C0000109,,http://www.iqiyi.com/a_19rrh0dylh.html?vfm=2008_aldbd
C0000110,,http://www.iqiyi.com/a_19rrgjaxah.html?vfm=2008_aldbd
C0000112,,http://www.iqiyi.com/lib/m_204956014.html
C0000113,,http://www.iqiyi.com/a_19rrgjaoat.html?vfm=2008_aldbd
C0000115,,http://www.iqiyi.com/a_19rrhabpmd.html?vfm=2008_aldbd
C0000117,,http://www.iqiyi.com/a_19rrifs0wg.html?vfm=2008_aldbd
C0000118,,http://www.iqiyi.com/lib/m_214306814.html?src=search
C0000119,,http://www.iqiyi.com/a_19rrgyqsq5.html?vfm=2008_aldbd
C0000120,,http://www.iqiyi.com/a_19rrgi9h11.html?vfm=2008_aldbd
C0000121,,http://www.iqiyi.com/lib/m_212648914.html?src=search
C0000122,,http://www.iqiyi.com/a_19rrhazu71.html?vfm=2008_aldbd
C0000123,,http://www.iqiyi.com/a_19rrhc39wx.html?vfm=2008_aldbd
C0000125,,http://www.iqiyi.com/a_19rrhbkchh.html
C0000128,,http://www.iqiyi.com/a_19rrh78iwd.html
C0000129,,http://www.iqiyi.com/a_19rrgie45t.html?vfm=2008_aldbd
C0000130,,http://www.iqiyi.com/a_19rrgjdtn1.html?vfm=2008_aldbd
C0000131,,http://www.iqiyi.com/a_19rrjudklt.html
C0000132,,http://www.iqiyi.com/a_19rrgifmhh.html?vfm=2008_aldbd
C0000133,,http://www.iqiyi.com/lib/m_209889814.html
C0000134,,http://www.iqiyi.com/a_19rrgy7sjx.html
C0000135,,http://www.iqiyi.com/a_19rrhc48xp.html?vfm=2008_aldbd
C0000136,,http://www.iqiyi.com/a_19rrhc1skt.html?vfm=2008_aldbd
C0000137,,http://www.iqiyi.com/a_19rrhc0765.html?vfm=2008_aldbd
C0000138,,http://www.iqiyi.com/a_19rrhbz7pp.html?vfm=2008_aldbd
C0000139,,http://www.iqiyi.com/a_19rrj5cqpd.html?vfm=2008_aldbd
C0000140,,http://www.iqiyi.com/a_19rrhc12wh.html?vfm=2008_aldbd
C0000142,,http://www.iqiyi.com/a_19rrhbkb71.html?vfm=2008_aldbd
C0000143,,http://www.iqiyi.com/a_19rrhc14j1.html?vfm=2008_aldbd
C0000144,,http://www.iqiyi.com/lib/m_212964214.html
C0000145,,http://www.iqiyi.com/a_19rrhc233h.html?vfm=2008_aldbd
C0000146,,http://www.iqiyi.com/a_19rrgi7v05.html?vfm=2008_aldbd
C0000147,,http://www.iqiyi.com/a_19rrgia5g9.html?vfm=2008_aldbd
C0000148,,http://www.iqiyi.com/a_19rrgifop1.html
C0000150,,http://www.iqiyi.com/a_19rrgjda2h.html?vfm=2008_aldbd
C0000152,,http://www.iqiyi.com/a_19rrhaw04d.html?vfm=2008_aldbd
C0000156,,http://www.iqiyi.com/a_19rrhayg8x.html?vfm=2008_aldbd
C0000160,,http://www.iqiyi.com/a_19rrginlbd.html?vfm=2008_aldbd
C0000163,,http://www.iqiyi.com/a_19rrgifop1.html
C0000164,,http://www.iqiyi.com/a_19rrgidde5.html?vfm=2008_aldbd
C0000165,,http://www.iqiyi.com/a_19rrhaxlct.html?vfm=2008_aldbd
C0000166,,http://www.iqiyi.com/a_19rrgiai5p.html?vfm=2008_aldbd
C0000167,,http://www.iqiyi.com/a_19rrgia4wt.html?vfm=2008_aldbd
C0000168,,http://www.iqiyi.com/a_19rrhc0jm9.html?vfm=2008_aldbd
C0000170,,http://www.iqiyi.com/a_19rrhc1r4l.html?vfm=2008_aldbd
C0000171,,http://www.iqiyi.com/a_19rrhc3vu5.html
C0000172,,http://www.iqiyi.com/a_19rrhb6gpt.html?vfm=2008_aldbd
C0000173,,http://www.iqiyi.com/a_19rrhc2b5d.html?vfm=2008_aldbd
C0000174,,http://www.iqiyi.com/a_19rrh7rwrx.html?vfm=2008_aldbd
C0000175,,http://www.iqiyi.com/a_19rrhb5wed.html?vfm=2008_aldbd
C0000176,,http://www.iqiyi.com/a_19rrh0g2cd.html?vfm=2008_aldbd
C0000177,,http://www.iqiyi.com/a_19rrhb5yg1.html?vfm=2008_aldbd
C0000178,,http://www.iqiyi.com/a_19rrhbbh8d.html?vfm=2008_aldbd
C0000179,,http://www.iqiyi.com/a_19rrhaamq5.html?vfm=2008_aldbd
C0000180,,http://www.iqiyi.com/a_19rrhb02dp.html?vfm=2008_aldbd
C0000181,,http://www.iqiyi.com/a_19rrhbbcat.html?vfm=2008_aldbd
C0000182,,http://www.iqiyi.com/a_19rrhb1r79.html
C0000183,,http://www.iqiyi.com/a_19rrhb4tql.html?vfm=2008_aldbd
C0000184,,http://www.iqiyi.com/a_19rrhc1g3h.html?vfm=2008_aldbd
C0000185,,http://www.iqiyi.com/a_19rrhb9ynh.html#vfrm=2-4-0-1
C0000186,,http://www.iqiyi.com/a_19rrhayzgx.html?vfm=2008_aldbd
C0000187,,http://www.iqiyi.com/a_19rrhayahh.html?vfm=2008_aldbd
C0000190,,http://www.iqiyi.com/a_19rrhazcy1.html?vfm=2008_aldbd
C0000191,,http://www.iqiyi.com/a_19rrhapmx5.html?vfm=2008_aldbd
C0000192,,http://www.iqiyi.com/a_19rrhb69e1.html?vfm=2008_aldbd
C0000193,,http://www.iqiyi.com/a_19rrh9r1vh.html?vfm=2008_aldbd
C0000194,,http://www.iqiyi.com/a_19rrhb0ycd.html?vfm=2008_aldbd
C0000195,,http://www.iqiyi.com/a_19rrhb7anl.html?vfm=2008_aldbd
C0000197,,http://www.iqiyi.com/a_19rrhbdpc5.html?vfm=2008_aldbd
C0000198,,http://www.iqiyi.com/a_19rrhbaoxp.html?vfm=2008_aldbd
C0000199,,http://www.iqiyi.com/a_19rrha92j5.html?vfm=2008_aldbd
C0000200,,http://www.iqiyi.com/a_19rrhb8udd.html?vfm=2008_aldbd
C0000205,,http://www.iqiyi.com/a_19rrhazqkp.html?vfm=2008_aldbd
C0000206,,http://www.iqiyi.com/a_19rrhavl49.html?vfm=2008_aldbd
C0000207,,http://www.iqiyi.com/a_19rrhb4959.html?vfm=2008_aldbd
C0000208,,http://www.iqiyi.com/a_19rrhb4xd9.html?vfm=2008_aldbd
C0000209,,http://www.iqiyi.com/a_19rrhbe0o5.html?vfm=2008_aldbd
C0000210,,http://www.iqiyi.com/a_19rrh7xw8d.html
C0000211,,http://www.iqiyi.com/a_19rrhawrup.html?vfm=2008_aldbd
C0000214,,http://www.iqiyi.com/a_19rrhavl49.html?vfm=2008_aldbd
C0000215,,http://www.iqiyi.com/a_19rrhaz9x5.html?vfm=2008_aldbd
C0000216,,http://www.iqiyi.com/a_19rrhajy85.html?vfm=2008_aldbd
C0000217,,http://www.iqiyi.com/a_19rrhbaodd.html?vfm=2008_aldbd
C0000218,,http://www.iqiyi.com/a_19rrhb2xq9.html?vfm=2008_aldbd
C0000219,,http://www.iqiyi.com/a_19rrhawiih.html?vfm=2008_aldbd
C0000221,,http://www.iqiyi.com/a_19rrhayn45.html?vfm=2008_aldbd
C0000223,,http://www.iqiyi.com/a_19rrhbe1z1.html?vfm=2008_aldbd
C0000224,,http://www.iqiyi.com/a_19rrh0ep19.html?vfm=2008_aldbd
C0000225,,http://www.iqiyi.com/a_19rrhaw5cp.html?vfm=2008_aldbd
C0000226,,http://www.iqiyi.com/a_19rrhaz5dx.html?vfm=2008_aldbd
C0000227,,http://www.iqiyi.com/a_19rrhap1jp.html?vfm=2008_aldbd
C0000229,,http://www.iqiyi.com/a_19rrhasvd9.html
C0000230,,http://www.iqiyi.com/a_19rrhalax1.html?vfm=2008_aldbd
C0000234,,http://www.iqiyi.com/a_19rrhakwlp.html?vfm=2008_aldbd
C0000235,,http://www.iqiyi.com/a_19rrhahnu1.html?vfm=2008_aldbd
C0000236,,http://www.iqiyi.com/a_19rrhafzq1.html?vfm=2008_aldbd
C0000238,,http://www.iqiyi.com/a_19rrhdjln1.html?vfm=2008_aldbd
C0000240,,http://www.iqiyi.com/a_19rrhaa6f9.html?vfm=2008_aldbd
C0000244,,http://www.iqiyi.com/a_19rrha0tq9.html?vfm=2008_aldbd
C0000245,,http://www.iqiyi.com/a_19rrhagskt.html?vfm=2008_aldbd
C0000246,,http://www.iqiyi.com/a_19rrhargip.html?vfm=2008_aldbd
C0000250,,http://www.iqiyi.com/a_19rrhal2yd.html?vfm=2008_aldbd
C0000251,,http://www.iqiyi.com/a_19rrhaef7l.html?vfm=2008_aldbd
C0000253,,http://www.iqiyi.com/a_19rrhcn291.html?vfm=2008_aldbd
C0000254,,http://www.iqiyi.com/a_19rrhakfmd.html?vfm=2008_aldbd
C0000255,,http://www.iqiyi.com/a_19rrh9zbyd.html?vfm=2008_aldbd
C0000256,,http://www.iqiyi.com/a_19rrh9w13x.html?vfm=2008_aldbd
C0000257,,http://www.iqiyi.com/a_19rrhaqr5t.html?vfm=2008_aldbd
C0000262,,http://www.iqiyi.com/a_19rrhbcl2t.html?vfm=2008_aldbd
C0000263,,http://www.iqiyi.com/a_19rrh9ssox.html?vfm=2008_aldbd
C0000264,,http://www.iqiyi.com/a_19rrha8tfx.html?vfm=2008_aldbd
C0000267,,http://www.iqiyi.com/a_19rrha987l.html?vfm=2008_aldbd
C0000270,,http://www.iqiyi.com/a_19rrh74shh.html?vfm=2008_aldbd
C0000271,,http://www.iqiyi.com/a_19rrha0top.html?vfm=2008_aldbd
C0000272,,http://www.iqiyi.com/a_19rrha4m8p.html?vfm=2008_aldbd
C0000273,,http://www.iqiyi.com/a_19rrhaozhl.html?vfm=2008_aldbd
C0000274,,http://www.iqiyi.com/a_19rrhaijll.html?vfm=2008_aldbd
C0000275,,http://www.iqiyi.com/a_19rrh9usl5.html?vfm=2008_aldbd
C0000276,,http://www.iqiyi.com/a_19rrha383p.html?vfm=2008_aldbd
C0000279,,http://www.iqiyi.com/a_19rrhab085.html?vfm=2008_aldbd
C0000280,,http://www.iqiyi.com/a_19rrhajzgh.html?vfm=2008_aldbd
C0000284,,http://www.iqiyi.com/a_19rrhao07d.html?vfm=2008_aldbd
C0000285,,http://www.iqiyi.com/a_19rrh9sgal.html?vfm=2008_aldbd
C0000287,,http://www.iqiyi.com/a_19rrh0cgrx.html?vfm=2008_aldbd
C0000290,,http://www.iqiyi.com/a_19rrh9k07x.html?vfm=2008_aldbd
C0000291,,http://www.iqiyi.com/a_19rrh91iwx.html?vfm=2008_aldbd
C0000292,,http://www.iqiyi.com/a_19rrh0ww6l.html?vfm=2008_aldbd
C0000294,,http://www.iqiyi.com/lib/m_213147014.html
C0000296,,http://www.iqiyi.com/a_19rrh820ul.html?vfm=2008_aldbd
C0000297,,http://www.iqiyi.com/a_19rrhcp7l9.html?vfm=2008_aldbd
C0000298,,http://www.iqiyi.com/a_19rrh8jj45.html?vfm=2008_aldbd
C0000299,,http://www.iqiyi.com/a_19rrh912gx.html?vfm=2008_aldbd
C0000300,,http://www.iqiyi.com/a_19rrh9hazl.html?vfm=2008_aldbd
C0000301,,http://www.iqiyi.com/a_19rrh8khxp.html?vfm=2008_aldbd
C0000302,,http://www.iqiyi.com/a_19rrhcg2el.html?vfm=2008_aldbd
C0000304,,http://www.iqiyi.com/a_19rrh9984p.html?vfm=2008_aldbd
C0000305,,http://www.iqiyi.com/a_19rrhca68t.html?vfm=2008_aldbd
C0000306,,http://www.iqiyi.com/a_19rrh0c2d9.html?vfm=2008_aldbd
C0000308,,http://www.iqiyi.com/a_19rrh8fyml.html?vfm=2008_aldbd
C0000309,,http://www.iqiyi.com/a_19rrh74sb1.html?vfm=2008_aldbd
C0000312,,http://www.iqiyi.com/a_19rrhdomzh.html?vfm=2008_aldbd
C0000313,,http://www.iqiyi.com/a_19rrhdr0r1.html?vfm=2008_aldbd
C0000315,,http://www.iqiyi.com/a_19rrhc5b9h.html?vfm=2008_aldbd
C0000316,,http://www.iqiyi.com/a_19rrh9l3cl.html
C0000317,,http://www.iqiyi.com/a_19rrh9epdp.html?vfm=2008_aldbd
C0000319,,http://www.iqiyi.com/a_19rrh95c5t.html?vfm=2008_aldbd
C0000320,,http://www.iqiyi.com/a_19rrh997ih.html?vfm=2008_aldbd
C0000321,,http://www.iqiyi.com/a_19rrh9d0pd.html?vfm=2008_aldbd
C0000322,,http://www.iqiyi.com/a_19rrh9ghdd.html?vfm=2008_aldbd
C0000323,,http://www.iqiyi.com/a_19rrhdhux1.html?vfm=2008_aldbd
C0000324,,http://www.iqiyi.com/a_19rrha8gh9.html?vfm=2008_aldbd
C0000325,,http://www.iqiyi.com/a_19rrh92r0x.html
C0000327,,http://www.iqiyi.com/a_19rrh92r0x.html
C0000329,,http://www.iqiyi.com/a_19rrh0xrk5.html?vfm=2008_aldbd
C0000331,,http://www.iqiyi.com/a_19rrh95mi5.html?vfm=2008_aldbd
C0000332,,http://www.iqiyi.com/a_19rrhd6r5p.html?vfm=2008_aldbd
C0000333,,http://www.iqiyi.com/a_19rrh5dnf5.html?vfm=2008_aldbd
C0000334,,http://www.iqiyi.com/a_19rrhdw92d.html?vfm=2008_aldbd
C0000335,,http://www.iqiyi.com/a_19rrh94wdx.html?vfm=2008_aldbd
C0000336,,http://www.iqiyi.com/a_19rrhccixx.html?vfm=2008_aldbd
C0000337,,http://www.iqiyi.com/a_19rrh9bhql.html?vfm=2008_aldbd
C0000339,,http://www.iqiyi.com/a_19rrh961ct.html?vfm=2008_aldbd
C0000340,,http://www.iqiyi.com/a_19rrhdmw7p.html?vfm=2008_aldbd
C0000341,,http://www.iqiyi.com/a_19rrhcszt9.html
C0000342,,http://www.iqiyi.com/a_19rrh8r1f1.html?vfm=2008_aldbd
C0000343,,http://www.iqiyi.com/a_19rrh8i545.html?vfm=2008_aldbd
C0000344,,http://www.iqiyi.com/a_19rrh78ti5.html
C0000345,,http://www.iqiyi.com/a_19rrh83ujp.html?vfm=2008_aldbd
C0000346,,http://www.iqiyi.com/a_19rrhdadp9.html?vfm=2008_aldbd
C0000347,,http://www.iqiyi.com/a_19rrh92271.html
C0000350,,http://www.iqiyi.com/a_19rrh83sth.html?vfm=2008_aldbd
C0000351,,http://www.iqiyi.com/a_19rrhc9w19.html?vfm=2008_aldbd
C0000352,,http://www.iqiyi.com/a_19rrhcl37h.html?vfm=2008_aldbd
C0000354,,http://www.iqiyi.com/lib/m_212146714.html
C0000355,,http://www.iqiyi.com/a_19rrh0sa51.html?vfm=2008_aldbd
C0000356,,http://www.iqiyi.com/a_19rrgznih1.html?vfm=2008_aldbd
C0000357,,http://www.iqiyi.com/a_19rrh1avph.html
C0000358,,http://www.iqiyi.com/a_19rrh0mdf9.html?vfm=2008_aldbd
C0000360,,http://www.iqiyi.com/a_19rrj643d9.html?vfm=2008_aldbd
C0000363,,http://www.iqiyi.com/a_19rrh07dkt.html?vfm=2008_aldbd
C0000364,,http://www.iqiyi.com/a_19rrh0g7rp.html
C0000365,,http://www.iqiyi.com/a_19rrgyewv1.html?vfm=2008_aldbd
C0000366,,http://www.iqiyi.com/a_19rrgxp3o9.html?vfm=2008_aldbd
C0000367,,http://www.iqiyi.com/a_19rrgyn0x1.html?vfm=2008_aldbd
C0000368,,http://www.iqiyi.com/a_19rrgym931.html
C0000369,,http://www.iqiyi.com/a_19rrgynqbx.html?vfm=2008_aldbd
C0000371,,http://www.iqiyi.com/a_19rrh730td.html?vfm=2008_aldbd
C0000372,,https://www.iqiyi.com/a_19rrgxwnr1.html
C0000375,,http://www.iqiyi.com/a_19rrh06j9p.html?vfm=2008_aldbd
C0000376,,http://www.iqiyi.com/a_19rrgycdet.html
C0000377,,http://www.iqiyi.com/a_19rrgzm7tx.html?vfm=2008_aldbd
C0000379,,http://www.iqiyi.com/a_19rrgxn391.html?vfm=2008_aldbd
C0000380,,http://www.iqiyi.com/a_19rrgxle8d.html?vfm=2008_aldbd
C0000382,,http://www.iqiyi.com/a_19rrgxeln1.html?vfm=2008_aldbd
C0000383,,http://www.iqiyi.com/a_19rrgy3qtx.html?vfm=2008_aldbd
C0000385,,http://www.iqiyi.com/a_19rrh6ouzx.html?vfm=2008_aldbd
C0000386,,http://www.iqiyi.com/a_19rrgzzjth.html?vfm=2008_aldbd
C0000387,,http://www.iqiyi.com/a_19rrgzldkl.html?vfm=2008_aldbd
C0000388,,http://www.iqiyi.com/a_19rrgzg8al.html?vfm=2008_aldbd
C0000389,,http://www.iqiyi.com/a_19rrhfyikd.html?vfm=2008_aldbd
C0000390,,http://www.iqiyi.com/a_19rrh1aw8l.html?vfm=2008_aldbd
C0000391,,http://www.iqiyi.com/a_19rrh061bp.html?vfm=2008_aldbd
C0000393,,http://www.iqiyi.com/a_19rrh0fp1p.html?vfm=2008_aldbd
C0000394,,http://www.iqiyi.com/a_19rrh0f0el.html
C0000396,,http://www.iqiyi.com/a_19rrh0pbmd.html
C0000397,,http://www.iqiyi.com/a_19rrh1y2e5.html?vfm=2008_aldbd
C0000399,,http://www.iqiyi.com/a_19rrgz8t8t.html?vfm=2008_aldbd
C0000400,,http://www.iqiyi.com/a_19rrgzc5gt.html?vfm=2008_aldbd
C0000401,,http://www.iqiyi.com/a_19rrgyi9rx.html?vfm=2008_aldbd
C0000402,,http://www.iqiyi.com/a_19rrgyf90d.html?vfm=2008_aldbd
C0000404,,http://www.iqiyi.com/a_19rrgyo70l.html?vfm=2008_aldbd
C0000409,,http://www.iqiyi.com/a_19rrh0a58d.html?vfm=2008_aldbd
C0000411,,http://www.iqiyi.com/a_19rrh0um5x.html?vfm=2008_aldbd
C0000412,,http://www.iqiyi.com/a_19rrh6njkx.html?vfm=2008_aldbd
C0000413,,http://www.iqiyi.com/a_19rrh6mc9x.html?vfm=2008_aldbd
C0000414,,http://www.iqiyi.com/a_19rrh9xl7h.html
C0000421,,http://www.iqiyi.com/lib/m_217941414.html?src=search
C0000422,,http://www.iqiyi.com/lib/m_209755714.html?src=search
C0000424,,http://www.iqiyi.com/lib/m_218291614.html?src=search
C0000425,,http://www.iqiyi.com/lib/m_218435614.html?src=search
C0000426,,http://www.iqiyi.com/lib/m_232729714.html?src=search
B0000427,反贪风暴3,
B0000428,黄金兄弟,
B0000429,悲伤逆流成河,
B0000430,李茶的姑妈,
B0000431,江湖儿女,
B0000432,影,
B0000433,无双,
B0000434,大闹西游,
B0000435,胖子行动队,
B0000436,藏北秘岭・重返无人区,
B0000437,说走就走之不说再见,
B0000438,未择之路,
B0000439,找到你,
B0000440,那些女人,
B0000441,剩女大逃亡,
B0000442,李学生,
B0000443,深海历险记,
B0000444,信仰者,
B0000445,文朝荣,
B0000446,解剖室灵异事件之男生宿舍,
B0000447,疯狂丑小鸭,
B0000448,让我怎么相信你,
B0000449,大寒,
B0000450,旅行吧！井底之蛙,
B0000451,禹神传之寻找神力,
B0000452,天慕,
B0000453,足球王者,
B0000454,昆塔・盒子总动员,
B0000455,邹碧华,
B0000456,警车联盟,
B0000457,李保国,
B0000458,曹操与杨修(京剧),
B0000459,吻隐者,
B0000460,为爱担当,
B0000461,草戒指,
B0000462,极品师徒,
B0000463,动物世界,http://www.iqiyi.com/lib/m_215055614.html?src=search
B0000464,道高一丈,http://www.iqiyi.com/lib/m_213548214.html?src=search
B0000465,生存家族,http://www.iqiyi.com/lib/m_215335014.html?src=search
B0000466,大蛇,
B0000467,道师爷,http://www.iqiyi.com/lib/m_218500214.html?src=search
B0000468,御龙修仙传,http://www.iqiyi.com/lib/m_218366814.html?src=search
B0000469,夺宝同盟之神秘笔记,
B0000470,新白蛇传之九尾狐,
B0000471,古墓兽影,http://www.iqiyi.com/lib/m_218576414.html?src=search
B0000472,降妖天师,http://www.iqiyi.com/lib/m_218525014.html?src=search
B0000473,前任局中局,
B0000474,怪兽2018,http://www.iqiyi.com/lib/m_218465614.html?src=search
B0000475,厕所英雄,http://www.iqiyi.com/lib/m_217469214.html?src=search
B0000476,降魔武僧,http://www.iqiyi.com/lib/m_218489214.html?src=search
B0000477,斗墓占花魁,http://www.iqiyi.com/lib/m_218324614.html?src=search
B0000478,天生不对,http://www.iqiyi.com/lib/m_209917014.html?src=search
B0000479,桃花劫,
A0000471,凉生，我们可不可以不忧伤,http://www.iqiyi.com/a_19rrh9zbm1.html?vfm=2008_aldbd
A0000472,斗破苍穹,
A0000473,橙红年代,http://www.iqiyi.com/a_19rrhdpo85.html?vfm=2008_aldbd
A0000474,许你浮生若梦,
A0000475,娘道,http://www.iqiyi.com/a_19rrheblhx.html?vfm=2008_aldbd
A0000476,蚀日风暴,
A0000477,如若巴黎不快乐,
A0000478,颤抖吧阿部之朵星风云,
A0000479,一千零一夜,
A0000480,游泳先生,
A0000481,一代名相陈廷敬,http://www.iqiyi.com/a_19rrh4s4sd.html?vfm=2008_aldbd
A0000482,鸣鸿传,http://www.iqiyi.com/a_19rrgzeadp.html?vfm=2008_aldbd
A0000483,战犯,http://www.iqiyi.com/a_19rrh5vai1.html?vfm=2008_aldbd
A0000484,啊，父老乡亲,http://www.iqiyi.com/a_19rrh4zic5.html?vfm=2008_aldbd
A0000485,那抹属于我的星光,
A0000486,生于70年代,http://www.iqiyi.com/a_19rrhe9qzx.html?vfm=2008_aldbd
A0000487,倾世妖颜,
C0000427,妖神记之影妖篇,https://www.iqiyi.com/a_19rrh50cdt.html
C0000428,灵邪记,
C0000429,剑网3・侠肝义胆沈剑心,http://www.iqiyi.com/a_19rrh40l35.html?vfm=2008_aldbd
C0000430,星辰变,
C0000431,画江湖之不良人3,http://www.iqiyi.com/a_19rrh45l8h.html#vfrm=2-4-0-1
C0000432,全职法师3,
C0000433,山河社稷图,http://www.iqiyi.com/a_19rrh4uvqt.html#vfrm=2-4-0-1
B0000480,新大头儿子和小头爸爸3：俄罗斯奇遇记,http://www.iqiyi.com/lib/m_218802614.html?src=search
B0000481,爸爸的3次婚礼,http://www.iqiyi.com/lib/m_211500314.html?src=search
B0000482,阿凡提之奇缘历险,
B0000483,昨日青空,
B0000484,宝贝儿,
B0000485,古剑奇谭之流月昭明,
B0000486,功夫联盟,
B0000487,为你写诗,
A0000488,凉生，我们可不可以不忧伤,http://www.iqiyi.com/a_19rrh9zbm1.html?vfm=2008_aldbd
A0000489,斗破苍穹,
A0000490,创业时代,http://www.iqiyi.com/lib/m_214677414.html?src=search
A0000491,双世宠妃第二季,
A0000492,武动乾坤之冰心在玉壶,
A0000493,盛唐幻夜,
A0000494,你迟到的许多年,http://www.iqiyi.com/lib/m_218742014.html?src=search
A0000495,正阳门下小女人,http://www.iqiyi.com/lib/m_232747714.html?src=search
A0000496,悍城,http://www.iqiyi.com/lib/m_217326414.html?src=search
A0000497,极速青春,http://www.iqiyi.com/lib/m_214984414.html?src=search
A0000498,好戏一出,http://www.iqiyi.com/lib/m_218651814.html?src=search
A0000499,战地枪王,http://www.iqiyi.com/lib/m_214018814.html?src=search
A0000500,最好的遇见,http://www.iqiyi.com/lib/m_208100714.html?src=search
C0000430,星辰变,
C0000431,画江湖之不良人3,http://www.iqiyi.com/a_19rrh45l8h.html#vfrm=2-4-0-1
C0000432,全职法师3,
C0000433,山河社稷图,http://www.iqiyi.com/a_19rrh4uvqt.html#vfrm=2-4-0-1
C0000434,我是江小白2,http://www.iqiyi.com/a_19rrh4krg5.html#vfrm=2-4-0-1
C0000435,驸马不要啊,
C0000436,公主病的克星,
C0000437,宝宝巴士启蒙音乐剧之新奇世界,http://www.iqiyi.com/lib/m_219091814.html?src=search
C0000438,极品家丁,
C0000439,超级飞侠4,http://www.iqiyi.com/a_19rrh0sa51.html?vfm=2008_aldbd
