来源,产品名称,爱奇艺
B0000488,无名之辈,
B0000489,中国蓝盔,
B0000490,你好，之华,
B0000491,恐龙王,
B0000492,冰封侠：时空行者,
B0000493,影,
B0000494,你美丽了我的人生,
B0000495,黑暗迷宫,
B0000496,邪不压正,http://www.iqiyi.com/lib/m_216792414.html?src=search
B0000497,我不是药神,http://www.iqiyi.com/lib/m_216031414.html?src=search
B0000498,西虹市首富,http://www.iqiyi.com/lib/m_216397814.html?src
B0000499,悲伤逆流成河,http://www.iqiyi.com/lib/m_217464614.html?src=search
B0000500,忍者通告,
B0000501,张艺谋和他的“影”,http://www.iqiyi.com/lib/m_218634814.html?src=search
B0000502,反贪风暴3,http://www.iqiyi.com/lib/m_217770414.html?src=search
B0000503,四大名捕之入梦妖灵,
B0000504,黄金兄弟,http://www.iqiyi.com/lib/m_232735914.html?src=search
B0000505,药仙,
B0000506,记忆折叠,
B0000507,擒贼先擒王,http://www.iqiyi.com/lib/m_217526814.html?src=search
B0000508,千门女王之螳螂捕蝉,
A0000501,你和我的倾城时光,https://www.iqiyi.com/a_19rrhcyi3h.html
A0000502,将夜,
A0000503,原来你还在这里,
A0000504,人不彪悍枉少年,
A0000505,幸福一家人,http://www.iqiyi.com/a_19rrh3k38h.html?vfm=2008_aldbd
A0000506,我们的四十年,https://www.iqiyi.com/a_19rrh068xh.html
A0000507,我的保姆手册,
A0000508,兄弟,
A0000509,回到明朝当王爷之杨凌传,
A0000510,火王之破晓之战,http://www.iqiyi.com/a_19rrhd10al.html
A0000511,千门江湖之诡面疑云,
A0000512,唐砖,http://www.iqiyi.com/a_19rrh0fc5p.html
A0000513,镇魂,
A0000514,是_的，法官阁下,
A0000515,跳跃生命线,