新增产品ID,产品名称,快看APP（取网页端链接）
D0000001,,http://www.kuaikanmanhua.com/web/topic/906/
D0000003,,http://www.kuaikanmanhua.com/web/topic/766/
D0000004,,http://www.kuaikanmanhua.com/web/topic/178/
D0000005,,http://www.kuaikanmanhua.com/web/topic/363/
D0000006,,http://www.kuaikanmanhua.com/web/topic/711/
D0000007,,http://www.kuaikanmanhua.com/web/topic/544/
D0000008,,http://www.kuaikanmanhua.com/web/topic/835/
D0000009,,http://www.kuaikanmanhua.com/web/topic/708/
D0000010,,http://www.kuaikanmanhua.com/web/topic/616/
D0000011,,http://www.kuaikanmanhua.com/web/topic/359/
D0000013,,http://www.kuaikanmanhua.com/web/topic/709/
D0000015,,http://www.kuaikanmanhua.com/web/topic/883/
D0000017,,http://www.kuaikanmanhua.com/web/topic/848/
D0000025,,http://www.kuaikanmanhua.com/web/topic/445/
D0000028,,http://www.kuaikanmanhua.com/web/topic/116/
D0000059,,http://www.kuaikanmanhua.com/web/topic/486/
D0000061,,http://www.kuaikanmanhua.com/web/topic/523/
D0000062,,http://www.kuaikanmanhua.com/web/topic/588/
D0000064,,http://www.kuaikanmanhua.com/web/topic/962/
D0000068,,http://www.kuaikanmanhua.com/web/topic/187/
D0000069,,http://www.kuaikanmanhua.com/web/topic/918/
D0000071,,http://www.kuaikanmanhua.com/web/topic/8/
D0000073,,http://www.kuaikanmanhua.com/web/topic/954/
D0000074,,http://www.kuaikanmanhua.com/web/topic/4/
D0000079,,http://www.kuaikanmanhua.com/web/topic/920/
D0000080,,http://www.kuaikanmanhua.com/web/topic/1657/
D0000081,,http://www.kuaikanmanhua.com/web/topic/173/
D0000082,,http://www.kuaikanmanhua.com/web/topic/861/
D0000087,,http://www.kuaikanmanhua.com/web/topic/686/
D0000089,,http://www.kuaikanmanhua.com/web/topic/911/
D0000096,,http://www.kuaikanmanhua.com/web/topic/1217/
D0000097,,http://www.kuaikanmanhua.com/web/topic/1039/
D0000100,,http://www.kuaikanmanhua.com/web/topic/1107/
D0000107,,http://www.kuaikanmanhua.com/web/topic/1054/
D0000111,,http://www.kuaikanmanhua.com/web/topic/1/
D0000112,,http://www.kuaikanmanhua.com/web/topic/1154/
D0000113,,http://www.kuaikanmanhua.com/web/topic/688/
D0000114,,http://www.kuaikanmanhua.com/web/topic/554/
D0000115,,http://www.kuaikanmanhua.com/web/topic/338/
D0000116,,http://www.kuaikanmanhua.com/web/topic/940/
D0000117,,http://www.kuaikanmanhua.com/web/topic/1015/
D0000118,,http://www.kuaikanmanhua.com/web/topic/1111/
D0000119,,http://www.kuaikanmanhua.com/web/topic/1226/
D0000120,,http://www.kuaikanmanhua.com/web/topic/859/
D0000121,,http://www.kuaikanmanhua.com/web/topic/674/
D0000122,,http://www.kuaikanmanhua.com/web/topic/472/
D0000123,,http://www.kuaikanmanhua.com/web/topic/798/
D0000124,,http://www.kuaikanmanhua.com/web/topic/592/
D0000125,,http://www.kuaikanmanhua.com/web/topic/329/
D0000126,,http://www.kuaikanmanhua.com/web/topic/953/
D0000127,,http://www.kuaikanmanhua.com/web/topic/658/
D0000128,,http://www.kuaikanmanhua.com/web/topic/716/
D0000129,,http://www.kuaikanmanhua.com/web/topic/382/
D0000130,,http://www.kuaikanmanhua.com/web/topic/1018/
D0000131,,http://www.kuaikanmanhua.com/web/topic/1004/
D0000145,,http://www.kuaikanmanhua.com/web/topic/1329/
D0000146,,http://www.kuaikanmanhua.com/web/topic/1634/
D0000148,,http://www.kuaikanmanhua.com/web/topic/1076/
D0000210,DOLO命运胶囊,http://www.kuaikanmanhua.com/web/topic/1876/
D0000210,,http://www.kuaikanmanhua.com/web/topic/1876/
D0000211,奥拉星・平行宇宙,http://www.kuaikanmanhua.com/web/topic/2227/
D0000211,,http://www.kuaikanmanhua.com/web/topic/2227/
D0000212,城市王子与土著少女,http://www.kuaikanmanhua.com/web/topic/1867/
D0000212,,http://www.kuaikanmanhua.com/web/topic/1867/
D0000213,丑女的后宫法则,
D0000214,穿越西元3000后,http://www.kuaikanmanhua.com/web/topic/1859/
D0000214,,http://www.kuaikanmanhua.com/web/topic/1859/
D0000215,当校霸爱上学霸,http://www.kuaikanmanhua.com/web/topic/991/
D0000215,,http://www.kuaikanmanhua.com/web/topic/991/
D0000216,厄运之王,
D0000217,给我哭,http://www.kuaikanmanhua.com/web/topic/873/
D0000217,,http://www.kuaikanmanhua.com/web/topic/873/
D0000218,攻略妖男的一万种姿势,
D0000219,诡异奇谈,
D0000220,过度接触,http://www.kuaikanmanhua.com/web/topic/1441/
D0000220,,http://www.kuaikanmanhua.com/web/topic/1441/
D0000221,化龙记,
D0000222,恋是樱草色,http://www.kuaikanmanhua.com/web/topic/749/
D0000222,,http://www.kuaikanmanhua.com/web/topic/749/
D0000223,六月的不可思议,http://www.kuaikanmanhua.com/web/topic/1225/
D0000223,,http://www.kuaikanmanhua.com/web/topic/1225/
D0000224,魔道祖师,http://www.kuaikanmanhua.com/web/topic/1749/
D0000224,,http://www.kuaikanmanhua.com/web/topic/1749/
D0000225,魔王老公欠调教,
D0000226,女子学院的男生,http://www.kuaikanmanhua.com/web/topic/1378/
D0000226,,http://www.kuaikanmanhua.com/web/topic/1378/
D0000227,前任战争,http://www.kuaikanmanhua.com/web/topic/1942/
D0000227,,http://www.kuaikanmanhua.com/web/topic/1942/
D0000228,杀手古德,
D0000229,沈升,http://www.kuaikanmanhua.com/web/topic/1109/
D0000229,,http://www.kuaikanmanhua.com/web/topic/1109/
D0000230,嗜谎之神,
D0000231,王牌校草,
D0000232,王爷不要啊,
D0000233,我家少主计无双,
D0000234,吾凰在上,http://www.kuaikanmanhua.com/web/topic/1871/
D0000234,,http://www.kuaikanmanhua.com/web/topic/1871/
D0000235,雪国,http://www.kuaikanmanhua.com/web/topic/2221/
D0000235,,http://www.kuaikanmanhua.com/web/topic/2221/
D0000236,一代灵后,http://www.kuaikanmanhua.com/web/topic/1877/
D0000236,,http://www.kuaikanmanhua.com/web/topic/1877/
D0000237,一言不合就吸血,http://www.kuaikanmanhua.com/web/topic/1689/
D0000237,,http://www.kuaikanmanhua.com/web/topic/1689/
D0000238,永恒至尊,
D0000239,宇宙琴未响,http://www.kuaikanmanhua.com/web/topic/2188/
D0000239,,http://www.kuaikanmanhua.com/web/topic/2188/
D0000240,灶神4917,
D0000241,泽上寂寞萤火,http://www.kuaikanmanhua.com/web/topic/2189/
D0000241,,http://www.kuaikanmanhua.com/web/topic/2189/
D0000242,重生之都市修仙,
D0000243,重生只为睡影帝,
D0000244,驭灵师,https://www.kuaikanmanhua.com/web/topic/1781/
D0000244,,https://www.kuaikanmanhua.com/web/topic/1781/
D0000245,麻辣千金斗恶少,
D0000246,爱神巧克力进行时,
D0000247,恋上一屋吸血鬼,
D0000248,铁姬钢兵,
D0000249,成也萧河,http://www.kuaikanmanhua.com/web/topic/2319/
D0000249,,http://www.kuaikanmanhua.com/web/topic/2319/
D0000250,闪恋薄荷糖,http://www.kuaikanmanhua.com/web/topic/1128/
D0000250,,http://www.kuaikanmanhua.com/web/topic/1128/
D0000251,狼的谎言,http://www.kuaikanmanhua.com/web/topic/2183/
D0000251,,http://www.kuaikanmanhua.com/web/topic/2183/
D0000252,别闹！我想静静……,http://www.kuaikanmanhua.com/web/topic/903/
D0000252,,http://www.kuaikanmanhua.com/web/topic/903/
D0000253,第五人格漫画,
D0000254,空心恋人,
D0000255,邪君宠-貂蝉,
D0000256,血族禁域,
D0000257,寻找前世之旅,
D0000258,九九八十一,
D0000259,赤色四叶草,http://www.kuaikanmanhua.com/web/topic/698/
D0000260,成也萧何,http://www.kuaikanmanhua.com/web/topic/2319/
D0000261,爱上傲娇龙王爷,http://www.kuaikanmanhua.com/web/topic/2115/
D0000262,妖言惑道,http://www.kuaikanmanhua.com/web/topic/916/
D0000263,最强反套路系统,
D0000264,贺少的闪婚暖妻,http://www.kuaikanmanhua.com/web/topic/2242/
D0000265,武拳,
D0000266,我在末世有套房,
D0000267,我在皇宫当巨巨,
D0000268,街球江湖,
D0000269,逍遥法外,
D0000270,爱我吧，苏东坡,
D0000271,王爷不好婚,
D0000272,女装大佬养成记,
D0000273,亲吻不等于恋爱,
D0000274,球娘,
D0000275,恋爱吧！勇者小黄鱼,
D0000276,锁龙,
D0000277,偷星九月天,http://www.kuaikanmanhua.com/web/topic/1182/
D0000278,渐近的心跳,http://www.kuaikanmanhua.com/web/topic/2177/
D0000279,30岁男子物语,http://www.kuaikanmanhua.com/web/topic/2203/
D0000280,黑夜有所斯,http://www.kuaikanmanhua.com/web/topic/2461/
D0000281,贩卖大师,
D0000282,未来重启,
D0000283,怪奇笔记,
D0000284,我是大神仙,
D0000285,被废弃的皇妃,
D0000286,地府我开的,http://www.kuaikanmanhua.com/web/topic/2253/
D0000287,伞少女梦谈,
D0000288,食鬼大掌柜,
D0000289,控妹狂战记,
D0000290,神厨狂后,http://www.kuaikanmanhua.com/web/topic/2033/
D0000291,尚善,http://www.kuaikanmanhua.com/web/topic/2356/
D0000292,元尊,http://www.kuaikanmanhua.com/web/topic/1745/
D0000293,双生灵探,
D0000294,大叔诡电台,
D0000295,披着狼皮的羊,https://www.kuaikanmanhua.com/web/topic/1870/
D0000296,蝉女,https://www.kuaikanmanhua.com/web/topic/970/
D0000297,花颜策,https://www.kuaikanmanhua.com/web/topic/2445/
D0000298,私人英雄,
D0000299,打开男神的正确姿势,
D0000300,感谢你是爱我的,https://www.kuaikanmanhua.com/web/topic/799/
