产品编号,产品名称,乐视视频,
A0000001,龙门镖局,,
A0000002,咱们结婚吧,,
A0000003,笑傲江湖,http://www.le.com/tv/81196.html,
A0000004,舞乐传奇,,
A0000005,兰陵王,,
A0000006,小爸爸,,
A0000007,最美的时光,http://www.le.com/tv/76076.html,
A0000008,陆贞传奇,,
A0000009,辣妈正传,,
A0000010,我怀了你的孩子,http://www.le.com/tv/84859.html,
A0000011,天龙八部,http://www.le.com/tv/83608.html,
A0000012,新恋爱时代,,
A0000013,X女特工,http://www.le.com/tv/75976.html,
A0000014,隋唐演义,,
A0000015,正阳门下,http://www.le.com/tv/92254.html,
A0000016,新神探联盟之包大人来了,,
A0000017,盛夏晚晴天,,
A0000018,火线三兄弟,http://www.le.com/tv/88889.html,
A0000019,烽火佳人,,
A0000020,赵氏孤儿案,,
A0000021,门第,http://www.le.com/tv/81048.html,
A0000022,特种兵之火凤凰,,
A0000023,精忠岳飞,,
A0000024,小儿难养,,
A0000025,假如生活欺骗了你,http://www.le.com/tv/85187.html,
A0000026,宝贝,,
A0000027,千金归来,http://www.le.com/tv/92520.html,
A0000028,花非花雾非雾,http://www.le.com/tv/82178.html,
A0000029,到爱的距离,http://www.le.com/tv/93893.html,
A0000030,老有所依,,
A0000031,天真遇到现实,,
A0000032,打狗棍,,
A0000033,天天有喜,,
A0000034,璀璨人生,http://www.le.com/tv/84219.html,
A0000035,乡村爱情变奏曲,,
A0000036,爱情悠悠药草香,http://www.le.com/tv/91899.html,
A0000037,爱的创可贴,,
A0000038,推拿,,
A0000039,大宅门1912,,
A0000040,花开半夏,http://www.le.com/tv/76122.html,
A0000041,唐朝好男人,http://www.le.com/tv/88510.html,
A0000042,爱情自有天意,,
A0000043,爱在春天,,
A0000044,胜女的代价2,http://www.le.com/tv/82964.html,
A0000045,第22条婚规,,
A0000046,阿娜尔罕,,
A0000047,爱情面前谁怕谁,,
A0000048,因为爱情有多美,,
A0000049,女人帮,,
A0000050,唐山大地震,,
A0000051,我的父亲母亲,,
A0000052,全家福,,
A0000053,渗透,,
A0000054,西藏秘密,,
A0000055,贤妻,,
A0000056,无贼,http://www.le.com/tv/93499.html,
A0000057,零下三十八度,,
A0000058,断刺,,
A0000059,百万新娘之爱无悔,,
A0000060,枪花,,
A0000061,使徒行者,,
A0000062,战长沙,http://www.le.com/tv/84520.html,
A0000063,爱情公寓4,,
A0000064,北平无战事,http://www.le.com/tv/92611.html,
A0000065,匆匆那年,,
A0000066,古剑奇谭,http://www.le.com/tv/92245.html,
A0000067,父母爱情,http://www.le.com/tv/95819.html,
A0000068,灵魂摆渡,,
A0000069,离婚律师,,
A0000070,杉杉来了,,
A0000071,武媚娘传奇,http://www.le.com/tv/96146.html,
A0000072,红高粱,,
A0000073,金玉良缘,,
A0000074,风中奇缘,,
A0000075,暗黑者,,
A0000076,一仆二主,http://www.le.com/tv/96306.html,
A0000077,大丈夫,http://www.le.com/tv/93318.html,
A0000078,我爱男闺蜜,http://www.le.com/tv/96310.html,
A0000079,神雕侠侣,,
A0000080,相爱十年,,
A0000081,步步惊情,,
A0000082,约会专家,,
A0000083,生活启示录,http://www.le.com/tv/10001428.html,
A0000084,十月围城,,
A0000085,镖门,,
A0000086,新闺蜜时代,,
A0000087,马向阳下乡记,,
A0000088,卫子夫,http://www.le.com/tv/10004164.html,
A0000089,小时代之折纸时代,,
A0000090,腾空的日子,,
A0000091,宫锁连城,,
A0000092,一代枭雄,,
A0000093,历史转折中的邓小平,,
A0000094,犀利仁师,http://www.le.com/tv/93100.html,
A0000095,四十九日・祭,http://so.le.com/s?wd=四十九日・祭&from=pc&index=0&ref=click&click_area=search_button&query=四十九日・祭&is_default_query=0&module=suggest_list&eid=undefined&experiment_id=undefined&is_trigger=undefined,
A0000096,青年医生,http://www.le.com/tv/10006521.html,
A0000097,大清盐商,,
A0000098,勇敢的心,,
A0000099,老农民,,
A0000100,一又二分之一的夏天,,
A0000101,爱情回来了,http://www.le.com/tv/10001544.html,
A0000102,产科医生,http://www.le.com/tv/10002202.html,
A0000103,鹿鼎记,,
A0000104,湄公河大案,,
A0000105,二炮手,,
A0000106,刀客家族的女人,http://www.le.com/tv/96307.html,
A0000107,封神英雄榜,http://www.le.com/tv/93340.html,
A0000108,恋恋不忘,,
A0000109,爷们儿,,
A0000110,勇士之城,http://www.le.com/tv/95749.html,
A0000111,锋刃,,
A0000112,团圆饭,http://www.le.com/tv/83217.html,
A0000113,妻子的秘密,,
A0000114,绝爱,,
A0000115,产科男医生,http://www.le.com/tv/10001462.html,
A0000116,乡村爱情圆舞曲,http://www.le.com/tv/95965.html,
A0000117,美丽的契约,http://www.le.com/tv/93985.html,
A0000118,长安三怪探,http://www.le.com/tv/10016481.html,
A0000119,第二次人生,,
A0000120,情定三生,,
A0000121,少年神探狄仁杰,,
A0000122,琅琊榜,http://www.le.com/tv/10002310.html,
A0000123,何以笙箫默,,
A0000124,伪装者,http://www.le.com/tv/10012647.html,
A0000125,太子妃升职记,http://www.le.com/tv/10015173.html,
A0000126,芈月传,http://www.le.com/tv/93334.html,
A0000127,无心法师,,
A0000128,盗墓笔记,,
A0000129,花千骨,,
A0000130,平凡的世界,http://www.le.com/tv/10007585.html,
A0000131,灵魂摆渡2,,
A0000132,虎妈猫爸,,
A0000133,大好时光,,
A0000134,克拉恋人,,
A0000135,名侦探狄仁杰,,
A0000136,少帅,,
A0000137,活色生香,,
A0000138,潘磕惺4,,
A0000139,长大,,
A0000140,旋风少女,,
A0000141,大汉情缘之云中歌,http://www.le.com/tv/92815.html,
A0000142,北上广不相信眼泪,http://www.le.com/tv/10006189.html,
A0000143,华胥引之绝爱之城,,
A0000144,加油吧实习生,,
A0000145,千金女贼,http://www.le.com/tv/93325.html,
A0000146,暗黑者2,,
A0000147,锦绣缘华丽冒险,,
A0000148,嘿，老头！,http://www.le.com/tv/10032115.html,
A0000149,少年四大名捕,,
A0000150,偏偏喜欢你,,
A0000151,青岛往事,http://www.le.com/tv/10015916.html,
A0000152,抓住彩虹的男人,http://www.le.com/tv/10009668.html,
A0000153,班淑传奇,,
A0000154,温州两家人,http://www.le.com/tv/10016045.html,
A0000155,长在面包树上的女人,,
A0000156,大秧歌,,
A0000157,医馆笑传,,
A0000158,于无声处,,
A0000159,美丽的秘密,http://www.le.com/tv/10008318.html,
A0000160,雪域雄鹰,,
A0000161,最佳前男友,http://www.le.com/tv/10010707.html,
A0000162,女不强大天不容,http://www.le.com/tv/10021210.html,
A0000163,妈妈像花儿一样,http://www.le.com/tv/10014690.html,
A0000164,刑警队长,http://www.le.com/tv/10004596.html,
A0000165,陆小凤与花满楼,,
A0000166,妻子的谎言,,
A0000167,好大一个家,,
A0000168,两生花,http://www.le.com/tv/10006977.html,
A0000169,搭错车,,
A0000170,二胎时代,,
A0000171,我的二哥二嫂,,
A0000172,神犬小七,,
A0000173,想明白了再结婚,http://www.le.com/tv/10008925.html,
A0000174,明若晓溪,http://www.le.com/tv/10011914.html,
A0000175,乡村爱情浪漫曲,,
A0000176,你是我的姐妹,http://www.le.com/tv/10009400.html,
A0000177,天使的城,,
A0000178,三个奶爸,,
A0000179,春江英雄之秀才遇到兵,,
A0000180,王大花的革命生涯,,
A0000181,我爱男保姆,http://www.le.com/tv/10019647.html,
A0000182,青云志,,
A0000183,欢乐颂,,
A0000184,鬼吹灯之精绝古城,,
A0000185,余罪1,,
A0000186,最好的我们,,
A0000187,微微一笑很倾城,,
A0000188,余罪2,,
A0000189,如果蜗牛有爱情,,
A0000190,法医秦明,,
A0000191,遇见王沥川,http://www.le.com/tv/94190.html,
A0000192,老九门,,
A0000193,麻雀 ,,
A0000194,锦绣未央 ,,
A0000195,一起同过窗 ,,
A0000196,好先生,,
A0000197,女医・明妃传,http://www.le.com/tv/10003313.html,
A0000198,小别离,http://www.le.com/tv/10015578.html,
A0000199,亲爱的翻译官,http://www.le.com/tv/10008904.html,
A0000200,幻城,http://www.le.com/tv/10011567.html,
A0000201,美人为馅,,
A0000202,胭脂,,
A0000203,放弃我，抓紧我,,
A0000204,灵魂摆渡3,,
A0000205,寂寞空庭春欲晚,http://www.le.com/tv/10009290.html,
A0000206,那年青春我们正好,http://www.le.com/tv/10014721.html,
A0000207,亲爱的，公主病,,
A0000208,中国式关系 ,http://www.le.com/tv/10021329.html,
A0000209,画江湖之不良人,,
A0000210,九州天空城,,
A0000211,青云志2,,
A0000212,睡在我上铺的兄弟,,
A0000213,青丘狐传说,,
A0000214,旋风十一人,http://www.le.com/tv/10005446.html,
A0000215,心理罪2,http://www.le.com/tv/10025456.html,
A0000216,小丈夫,,
A0000217,我的奇妙男友 ,,
A0000218,北上广依然相信爱情,,
A0000219,致青春,,
A0000220,咱们相爱吧,,
A0000221,仙剑云之凡,,
A0000222,极品家丁,,
A0000223,十宗罪,,
A0000224,识汝不识丁,,
A0000225,秀丽江山之长歌行,,
A0000226,解密 ,,
A0000227,美人私房菜,,
A0000228,武神赵子龙,,
A0000229,远得要命的爱情,http://www.le.com/tv/10019146.html,
A0000230,欢喜密探,,
A0000231,少林问道,,
A0000232,旋风少女2,,
A0000233,因为爱情有幸福,,
A0000234,兰陵王妃,,
A0000235,大嫁风尚,,
A0000236,猎人,http://www.le.com/tv/10009472.html,
A0000237,超少年密码,http://www.le.com/tv/10022882.html,
A0000238,重生之名流巨星,,
A0000239,麻辣变形计,,
A0000240,你好乔安,http://www.le.com/tv/10025242.html,
A0000241,煮妇神探,,
A0000242,三生三世十里桃花,,
A0000243,楚乔传,http://www.le.com/tv/10021714.html,
A0000244,人民的名义,,
A0000245,择天记,http://www.le.com/tv/10026309.html,
A0000246,欢乐颂2,http://www.le.com/tv/10031905.html,
A0000248,孤芳不自赏,http://www.le.com/tv/10020129.html,
A0000249,我的前半生,,
A0000250,那年花开月正圆,,
A0000251,醉玲珑,,
A0000252,热血长安,,
A0000253,人间至味是清欢,,
A0000254,漂亮的李慧珍,http://www.le.com/tv/10024813.html,
A0000255,夏至未至,,
A0000256,因为遇见你,http://www.le.com/tv/10026174.html,
A0000257,海上牧云记,,
A0000258,我们的少年时代,,
A0000259,急诊科医生,,
A0000260,白鹿原,http://www.le.com/tv/10014722.html?ch=baiduald_ffdsj,
A0000261,美味奇缘,http://www.le.com/tv/10025831.html,
A0000262,守护丽人,http://www.le.com/tv/10031788.html,
A0000263,大军师司马懿之军师联盟,,
A0000264,龙珠传奇之无间道,,
A0000265,我的体育老师,http://www.le.com/tv/10030975.html,
A0000266,大唐荣耀2,,
A0000267,那片星空那片海,,
A0000268,外科风云,http://www.le.com/tv/10031263.html,
A0000269,大唐荣耀,,
A0000270,春风十里，不如你,,
A0000271,思美人,http://www.le.com/tv/10017708.html,
A0000272,将军在上,,
A0000273,鸡毛飞上天,,
A0000274,大话西游之爱你一万年,http://www.le.com/tv/10026574.html,
A0000275,漂洋过海来看你,http://www.le.com/tv/10031815.html,
A0000276,浪花一朵朵,,
A0000277,白夜追凶,,
A0000278,射雕英雄传,,
A0000279,何所冬暖，何所夏凉,,
A0000280,爱，来的刚好,http://www.le.com/tv/10031780.html,
A0000281,我们的爱,,
A0000282,遇见爱情的利先生,,
A0000283,通天狄仁杰,,
A0000284,秦时丽人明月心,,
A0000285,双世宠妃,,
A0000286,极光之恋,,
A0000287,盲约,http://www.le.com/tv/10036236.html,
A0000288,剃刀边缘,http://www.le.com/tv/10032063.html,
A0000289,反恐特战队之猎影,,
A0000290,天泪传奇之凤凰无双,,
A0000291,致我们单纯的小美好,,
A0000293,走火,,
A0000294,钟馗捉妖记,,
A0000297,芸汐传,,
A0000299,幽兰湖之御厨驾到,,
A0000300,勇者胜,,
A0000301,硬骨头之绝地归途,,
A0000303,一千零一夜,,
A0000305,养母的花样年华,,
A0000306,阳光下的法庭,,
A0000307,艳骨,,
A0000309,玄门大师,,
A0000310,熊爸熊孩子,,
A0000311,幸福照相馆,,
A0000312,幸福有配方,,
A0000313,幸福巧克力,,
A0000314,幸福起航,,
A0000316,心如铁,,
A0000317,小楼又东风,,
A0000318,像我们一样年轻,,
A0000319,向前一步是幸福,,
A0000320,想看你微笑,,
A0000321,乡村爱情协奏曲,,
A0000323,武间道,,
A0000324,无间密室,,
A0000325,我站在桥上看风景,,
A0000326,我的小姨,,
A0000328,我的女友要上天,,
A0000329,我的继父是偶像,,
A0000330,我的父亲我的兵,http://www.le.com/tv/10038825.html,
A0000331,我的！体育老师,http://www.le.com/tv/10030975.html,
A0000333,我不是精英,,
A0000337,突击再突击,,
A0000338,同学两亿岁,,
A0000339,铁核桃之无间风云,,
A0000340,天意,,
A0000341,天涯女人心,,
A0000342,溏心风暴3,,
A0000344,台湾往事,,
A0000345,她很漂亮,,
A0000347,誓言,,
A0000348,失宠王妃之结缘,,
A0000349,生逢灿烂的日子,,
A0000354,热血勇士,,
A0000355,热血狂篮,,
A0000356,燃血女神,,
A0000357,亲爱的她们,,
A0000360,皮・影,,
A0000363,娘亲舅大,,
A0000364,你好，旧时光,,
A0000365,内衣先生,,
A0000367,那刻的怦然心动,,
A0000369,魔都风云,,
A0000371,萌妃驾到,,
A0000373,头脑3,,
A0000374,冒险王卫斯理之支离人,,
A0000376,龙日一，你死定了2,,
A0000377,龙日一，你死定了,,
A0000378,猎豺狼,,
A0000380,烈火刀影,,
A0000382,利刃出击,,
A0000383,雷霆战警,,
A0000386,来自海洋的你,,
A0000387,来到你的世界,,
A0000388,快把我哥带走,,
A0000389,九丹,,
A0000390,警犬来啦,,
A0000393,茧镇奇缘,,
A0000394,家有儿女初长成,,
A0000395,继承者计划,,
A0000396,回家的路有多远,,
A0000397,花谢花飞花满天,,
A0000398,忽而今夏,,
A0000399,后妈的春天,,
A0000400,后宫・甄执,http://www.le.com/tv/73868.html,
A0000404,国民老公,,
A0000407,骨语,,
A0000409,功夫之爱的速递,,
A0000410,福星盈门,,
A0000414,风光大嫁,,
A0000416,二龙湖爱情故事,,
A0000419,东风破,,
A0000420,第一声枪响,,
A0000421,刀锋下的替身,,
A0000422,大西北剿匪记,,
A0000423,大话红娘,,
A0000424,初遇在光年之外,,
A0000425,初心,,
A0000426,初婚,,
A0000427,超级小郎中2,,
A0000429,爱情的边疆,,
A0000431,39度青春,,
B0000001,西游降魔篇,http://www.le.com/movie/86636.html,
B0000002,逃出生天,,
B0000003,致我们终将逝去的青春,,
B0000004,私人订制,http://www.le.com/movie/93431.html,
B0000005,狄仁杰之神都龙王,http://www.le.com/movie/92106.html,
B0000006,中国合伙人,,
B0000007,警察故事2013,,
B0000008,北京遇上西雅图,,
B0000009,小时代,http://www.le.com/movie/88757.html,
B0000010,风暴,,
B0000011,天机・富春山居图,,
B0000012,小时代2青木时代,http://www.le.com/movie/92139.html,
B0000013,不二神探,,
B0000014,厨子戏子痞子,,
B0000015,无人区,,
B0000016,扫毒,,
B0000017,盲探,,
B0000018,101次求婚,http://www.le.com/movie/86763.html,
B0000019,分手合约,,
B0000020,全民目击,,
B0000021,四大名捕2,http://www.le.com/movie/94129.html,
B0000022,一夜惊喜,,
B0000023,听见下雨的声音,,
B0000024,特殊身份,,
B0000025,快乐大本营之快乐到家,,
B0000026,被偷走的那五年,,
B0000027,毒战,,
B0000028,非常幸运,,
B0000029,喜羊羊与灰太狼之喜气羊羊过蛇年,,
B0000030,天台爱情,http://www.le.com/movie/86750.html,
B0000031,激战,,
B0000032,大明猩,,
B0000033,我想和你好好的,http://www.le.com/movie/91849.html,
B0000034,笔仙2,http://www.le.com/movie/90359.html,
B0000035,等风来,http://www.le.com/movie/91878.html,
B0000036,赛尔号大电影3之战神联盟,,
B0000037,我爱灰太狼2,,
B0000038,笑功震武林,,
B0000039,洛克王国2圣龙的心愿,,
B0000040,摩登年代,,
B0000041,忠烈杨家将,,
B0000042,周恩来的四个昼夜,,
B0000043,百星酒店,http://www.le.com/movie/85478.html,
B0000044,潜艇总动员3彩虹宝藏,,
B0000045,宫锁沉香,,
B0000046,巴啦啦小魔仙,,
B0000047,神奇,,
B0000048,控制,,
B0000049,开心超人,,
B0000050,白狐,,
B0000051,青春派,,
B0000052,我爱的是你爱我,http://www.le.com/movie/93613.html,
B0000053,越来越好之村晚,,
B0000054,超级经纪人,,
B0000055,太极侠,,
B0000056,魁拔之大战元泱界,,
B0000057,圣诞玫瑰,,
B0000058,一场风花雪月的事,,
B0000059,同谋,,
B0000060,逆光飞翔,,
B0000061,西游记之大闹天宫,,
B0000062,智取威虎山,,
B0000063,爸爸去哪儿,,
B0000064,分手大师,http://www.le.com/movie/95661.html,
B0000065,后会无期,,
B0000066,匆匆那年,,
B0000067,澳门风云,http://www.le.com/movie/94973.html,
B0000068,小时代3刺金时代,http://www.le.com/movie/95488.html,
B0000069,一步之遥,http://www.le.com/movie/10000299.html,
B0000070,同桌的你,,
B0000071,京城81号,,
B0000072,北京爱情故事,http://www.le.com/movie/92623.html,
B0000073,白发魔女传之明月天国,http://www.le.com/movie/10000250.html,
B0000074,亲爱的,,
B0000075,窃听风云3,,
B0000076,归来,,
B0000077,微爱之渐入佳境,http://www.le.com/movie/10005542.html,
B0000078,催眠大师,http://www.le.com/movie/96349.html,
B0000079,熊出没之夺宝熊兵,http://www.le.com/movie/94961.html,
B0000080,撒娇女人最好命,http://www.le.com/movie/10001834.html,
B0000081,一生一世,http://www.le.com/movie/10002580.html,
B0000082,老男孩之猛龙过江,,
B0000083,闺蜜,,
B0000084,痞子英雄2黎明升起,,
B0000085,单身男女2,http://www.le.com/movie/10005481.html,
B0000086,太平轮（上）,,
B0000087,四大名捕大结局,,
B0000088,黄飞鸿之英雄有梦,,
B0000089,我的早更女友,,
B0000090,冰封：重生之门,,
B0000091,前任攻略,,
B0000092,十万个冷笑话,http://www.le.com/movie/10004160.html,
B0000093,一个人的武林,http://www.le.com/movie/10003438.html,
B0000094,魔警,http://www.le.com/movie/96240.html,
B0000095,白日焰火,http://www.le.com/movie/96137.html,
B0000096,临时同居,,
B0000097,反贪风暴,http://www.le.com/movie/10001953.html,
B0000098,绣春刀,,
B0000099,喜羊羊与灰太狼之飞马奇遇记,,
B0000100,整容日记,http://www.le.com/movie/10000297.html,
B0000101,六福喜事,http://www.le.com/movie/95041.html,
B0000102,神笔马良,,
B0000103,龙之谷：破晓奇兵,http://www.le.com/movie/10001886.html,
B0000104,救火英雄,http://www.le.com/movie/87226.html,
B0000105,露水红颜,,
B0000106,赛尔号大电影4圣魔之战,,
B0000107,神秘世界历险记2,,
B0000108,秦时明月之龙腾万里,,
B0000109,盗马记,http://www.le.com/movie/96230.html,
B0000110,脱轨时代,http://www.le.com/movie/96155.html,
B0000111,黄金时代,,
B0000112,洛克王国3圣龙的守护,,
B0000113,潜艇总动员4章鱼奇遇记,,
B0000114,铠甲勇士之雅塔莱斯,,
B0000115,麦兜我和我妈妈,,
B0000116,猪猪侠之勇闯巨人岛,,
B0000117,新大头儿子和小头爸爸之秘密计划,http://www.le.com/movie/10004876.html,
B0000118,绝命航班,,
B0000119,捉妖记,http://www.le.com/movie/10009415.html,
B0000120,寻龙诀,http://www.le.com/movie/10001554.html,
B0000121,港,http://www.le.com/movie/10008815.html,
B0000122,夏洛特烦恼,,
B0000123,煎饼侠,http://www.le.com/movie/10008898.html,
B0000124,澳门风云2,,
B0000125,西游记之大圣归来,,
B0000126,老炮儿,http://www.le.com/movie/10011175.html,
B0000127,唐人街探案,http://www.le.com/movie/10014462.html,
B0000128,天将雄师,http://www.le.com/movie/10003807.html,
B0000129,狼图腾,,
B0000130,九层妖塔,http://www.le.com/movie/10009482.html,
B0000131,恶棍天使,,
B0000132,杀破狼2,http://www.le.com/movie/10008784.html,
B0000133,战狼,,
B0000134,滚蛋吧！肿瘤君,http://www.le.com/movie/10010284.html,
B0000135,小时代4灵魂尽头,http://www.le.com/movie/10011084.html,
B0000136,左耳,http://www.le.com/movie/10004877.html,
B0000137,奔跑吧！兄弟,,
B0000138,百团大战,,
B0000139,钟馗伏魔：雪妖魔灵,,
B0000140,道士下山,http://www.le.com/movie/96289.html,
B0000141,栀子花开,http://www.le.com/movie/10009513.html,
B0000142,重返20岁,,
B0000143,我的少女时代,,
B0000144,何以笙箫默,http://www.le.com/movie/10008622.html,
B0000145,万万没想到,,
B0000146,横冲直撞好莱坞,http://www.le.com/movie/10009193.html,
B0000147,烈日灼心,http://www.le.com/movie/10004158.html,
B0000148,熊出没之雪岭熊风,http://www.le.com/movie/10006870.html,
B0000149,咱们结婚吧,,
B0000150,有一个地方只有我们知道,,
B0000151,前任2备胎反击战,http://www.le.com/movie/10012696.html,
B0000152,爸爸去哪儿2,http://www.le.com/movie/10007253.html,
B0000153,我是证人,,
B0000154,失孤,http://www.le.com/movie/10001835.html,
B0000155,赤道,,
B0000156,解救吾先生,http://www.le.com/movie/10010098.html,
B0000157,新娘大作战,http://www.le.com/movie/10009021.html,
B0000158,怦然星动,,
B0000159,谜城,http://www.le.com/movie/10010397.html,
B0000160,万物生长,,
B0000161,爸爸的假期,,
B0000162,极盗者,http://www.le.com/movie/10020336.html,
B0000163,冲上云霄,,
B0000164,破风,http://www.le.com/movie/10007294.html,
B0000165,王朝的女人・杨贵妃,http://www.le.com/movie/10010100.html,
B0000166,玩命速递：重启之战,,
B0000167,第三种爱情,,
B0000168,一路惊喜,,
B0000169,有种你爱我,http://www.le.com/movie/10002504.html,
B0000170,不可思异,,
B0000171,像素大战,,
B0000172,一代宗师3D,,
B0000173,一念天堂,http://www.le.com/movie/10015462.html,
B0000174,消失的凶手,http://www.le.com/movie/10013679.html,
B0000175,洛克王国4出发！巨人谷,,
B0000176,命中注定,http://www.le.com/movie/10009924.html,
B0000177,二十二,,
B0000178,美人鱼,,
B0000179,西游记之孙悟空三打白骨精,,
B0000180,湄公河行动,http://www.le.com/movie/10024193.html,
B0000181,长城,http://www.le.com/movie/10036884.html,
B0000182,澳门风云3,http://www.le.com/movie/10016870.html,
B0000183,在世界中心呼唤爱,http://www.le.com/movie/10024657.html,
B0000184,发条城市,http://www.le.com/movie/10020919.html,
B0000185,盗墓笔记,http://www.le.com/movie/10027676.html,
B0000186,绝地逃亡,http://www.le.com/movie/10010085.html,
B0000187,从你的全世界路过,http://www.le.com/movie/10026162.html,
B0000188,北京遇上西雅图之不二情书,,
B0000189,叶问3,,
B0000190,铁道飞虎,,
B0000191,寒战2,,
B0000192,情圣,,
B0000193,使徒行者,http://www.le.com/movie/10023481.html,
B0000194,大鱼海棠,http://www.le.com/movie/10021192.html,
B0000195,爵迹,http://www.le.com/movie/10030957.html,
B0000196,火锅英雄,,
B0000197,致青春・原来你还在这里,http://www.le.com/movie/10009861.html,
B0000198,我的特工爷爷,,
B0000199,熊出没之熊心归来,http://www.le.com/movie/10016397.html,
B0000200,封神传奇,,
B0000201,微微一笑很倾城,,
B0000202,王牌逗王牌,,
B0000203,赏金猎人,,
B0000204,反贪风暴2,http://www.le.com/movie/10025920.html,
B0000205,陆知马俐,http://www.le.com/movie/10021290.html,
B0000206,谁的青春不迷茫,,
B0000207,七月与安生,http://www.le.com/movie/10025606.html,
B0000208,危城,http://www.le.com/movie/10019739.html,
B0000209,夏有乔木 雅望天堂,http://www.le.com/movie/10020419.html,
B0000210,三人行,,
B0000211,梦想合伙人,,
B0000212,我不是潘金莲,,
B0000213,摆渡人,,
B0000214,大话西游3,,
B0000215,驴得水,,
B0000216,追凶者也,,
B0000217,高跟鞋先生,http://www.le.com/movie/10017232.html,
B0000218,28岁未成年,,
B0000219,睡在我上铺的兄弟,http://www.le.com/movie/10009543.html,
B0000220,罗曼蒂克消亡史,http://www.le.com/movie/10009195.html,
B0000221,惊天破,,
B0000222,三少爷的剑,http://www.le.com/movie/10019741.html,
B0000223,卧虎藏龙：青冥宝剑,,
B0000224,新大头儿子和小头爸爸2一日成才,,
B0000225,魔宫魅影,http://www.le.com/movie/10014646.html,
B0000226,百鸟朝凤,,
B0000227,所以……和黑粉结婚了,,
B0000228,女汉子真爱公式,,
B0000229,过年好,,
B0000230,小门神,,
B0000231,惊天大逆转,,
B0000232,捉迷藏,,
B0000233,神秘世界历险记3,http://www.le.com/movie/10027311.html,
B0000234,消失爱人,,
B0000235,超级快递,,
B0000236,外公芳龄38,,
B0000237,战狼2,,
B0000242,羞羞的铁拳,,
B0000244,三生三世十里桃花,,
B0000245,奇门遁甲,,
B0000248,悟空传,,
B0000249,记忆大师,http://www.le.com/movie/10032401.html,
B0000250,英伦对决,,
B0000251,空天猎,,
B0000252,追龙,,
B0000253,侠盗联盟,,
B0000255,缝纫机乐队,,
B0000257,绣春刀2修罗战场,,
B0000258,杀破狼・贪狼,,
B0000259,鲛珠传,,
B0000261,密战,,
B0000263,建军大业,,
B0000265,绝世高手,,
B0000267,逆时营救,,
B0000268,功守道,,
B0000270,心理罪,,
B0000273,父子雄兵,,
B0000275,反转人生,,
B0000277,明月几时有,,
B0000278,厉害了，我的国,,
B0000279,这就是命,,
B0000280,王牌保镖,,
B0000282,京城81号2,,
B0000283,冈仁波齐,,
B0000284,忠爱无言,,
B0000286,龙之战,,
B0000289,大闹天竺,,
B0000290,大明阴阳师,,
B0000291,大梦西游4伏妖记,,
B0000292,大梦西游3女儿国奇遇记,,
B0000293,大毛狗,,
B0000294,大耳朵图图之美食狂想曲,,
B0000295,春娇救志明,,
B0000296,乘风破浪,,
B0000297,拆弹专家,,
B0000298,傲娇与偏见,,
B0000299,喜欢你,,
B0000301,西游伏妖篇,http://www.le.com/movie/10030853.html,
B0000302,功夫瑜伽,,
B0000303,非凡任务,http://www.le.com/movie/10033517.html,
B0000307,十八洞村,,
B0000309,追捕,,
B0000310,七十七天,,
B0000311,美好的意外,,
B0000315,捉妖大仙,,
B0000316,张三丰之末世凶兵,,
B0000319,引爆者,,
B0000320,一句顶一万句,,
B0000321,寻找罗麦,,
B0000322,血战湘江,,
B0000323,熊出没之奇幻空间,,
B0000324,新僵尸先生2,,
B0000329,推理笔记,,
B0000330,识色，幸也,,
B0000331,上位2,,
B0000332,赛尔号大电影6圣者无敌,,
B0000334,齐天大圣・万妖之城,,
B0000335,魔轮,,
B0000338,喵星人,,
B0000341,美容针,,
B0000342,冒牌监护人之寻宝闹翻天,,
B0000343,猫与桃花源,,
B0000345,老兽,,
B0000347,进击吧，少女！,,
B0000348,金三角大营救,,
B0000349,金龟子,,
B0000350,降魔传,,
B0000352,黄金花,,
B0000353,黄飞鸿之南北英雄,,
B0000354,欢乐喜剧人,,
B0000355,画皮师,,
B0000357,故事贩卖机,,
B0000358,钢铁飞龙之再见奥特曼,,
B0000359,烽火逐金,,
B0000360,疯魔鲁智深,,
B0000361,二次初恋,,
B0000362,毒。诫,,
B0000363,狄仁杰之轮回图,,
B0000365,大卫贝肯之倒霉特工熊,,
B0000366,大唐嘻游记,,
B0000369,超级大山炮之海岛奇遇,,
B0000370,不良千金,,
B0000371,彪哥闯奉天之做梦没想到,,
B0000373,暴走狂花,,
B0000375,宝塔镇河妖之诡墓龙棺,,
B0000376,白门五甲,,
C0000001,熊出没,,
C0000002,熊出没之环球大冒险,,
C0000003,喜羊羊与灰太狼,,
C0000004,喜羊羊与灰太狼之羊羊运动会,,
C0000005,喜羊羊与灰太狼之羊羊快乐的一年,,
C0000006,喜羊羊与灰太狼之奇思妙想喜羊羊,,
C0000007,喜羊羊与灰太狼之给快乐加油,,
C0000008,喜羊羊与灰太狼之开心日记,,
C0000009,巴啦啦小魔仙,http://www.le.com/comic/80389.html,
C0000010,巴啦啦小魔仙之彩虹心石,,
C0000011,神兽金刚,,https://www.bilibili.com/video/av11034592
C0000012,铠甲勇士1,http://www.le.com/comic/18456.html,https://www.bilibili.com/video/av16143479/
C0000013,铠甲勇士2,,
C0000014,猪猪侠之魔幻猪猡纪,http://www.le.com/comic/40204.html,https://www.bilibili.com/video/av12085360/?redirectFrom=h5
C0000015,猪猪侠之武侠2008,http://www.le.com/comic/31371.html,https://www.bilibili.com/video/av7993950/
C0000016,猪猪侠勇闯未来城,http://www.le.com/comic/31374.html,https://www.bilibili.com/video/av15806950/
C0000017,百变猪猪侠,http://www.le.com/comic/31373.html,
C0000018,猪猪侠之积木世界的童话,http://www.le.com/comic/36001.html,
C0000019,猪猪侠之幸福救援队,http://www.le.com/comic/84391.html,https://www.bilibili.com/video/av12631457/
C0000020,斗龙战士1,http://www.le.com/comic/94752.html,
C0000021,小破孩,http://www.le.com/comic/78652.html,
C0000022,小破孩3,,
C0000023,侠岚1,,
C0000024,侠岚2,,
C0000025,奇奇和悦悦的玩具,,
C0000026,十万个冷笑话1,,
C0000027,魁拔,,https://www.bilibili.com/bangumi/play/ep106404
C0000028,星游记,,
C0000029,甜心格格1,,
C0000030,甜心格格2,http://www.le.com/comic/95715.html,
C0000031,果宝特攻1,http://www.le.com/comic/95814.html,https://www.bilibili.com/video/av16133463/
C0000032,果宝特攻2,http://www.le.com/comic/83195.html,
C0000033,黑猫警长,,https://www.bilibili.com/bangumi/play/ep62897?bsource=baidu_aladdin
C0000034,阿U1,http://www.le.com/comic/80949.html,https://www.bilibili.com/video/av12672803
C0000035,土豆侠,http://www.le.com/comic/10009816.html,https://www.bilibili.com/video/av4012676/
C0000036,阿米萝之歌海奇缘,,
C0000037,开心宝贝,,
C0000038,开心宝贝之开心超人,,
C0000039,开心宝贝之开心超人大作战,,
C0000040,开心宝贝之开心大冒险,,
C0000041,开心宝贝之开心星星球,,
C0000042,逗逗虎纹章之谜,,
C0000043,怪物山,,
C0000044,啦啦啦德玛西亚1,http://www.le.com/comic/89459.html,https://www.bilibili.com/video/av761072/
C0000045,啦啦啦德玛西亚2,http://www.le.com/comic/89460.html,https://www.bilibili.com/video/av763473/
C0000046,罗小黑战记,http://www.le.com/comic/86930.html,https://www.bilibili.com/bangumi/media/md1733/?spm_id_from=666.10.bangumi_detail.2
C0000047,大耳朵图图1,http://www.le.com/comic/94152.html,
C0000048,大耳朵图图2,http://www.le.com/comic/94153.html,
C0000049,大耳朵图图3,http://www.le.com/comic/94154.html,
C0000050,大耳朵图图4,http://www.le.com/comic/94156.html,
C0000051,大耳朵图图5,http://www.le.com/comic/10009675.html,
C0000052,赛尔号,http://www.le.com/comic/92069.html,
C0000053,葫芦小金刚,,https://www.bilibili.com/bangumi/media/md2520
C0000054,葫芦兄弟,,https://www.bilibili.com/bangumi/media/md2514/?spm_id_from=666.10.bangumi_detail.2
C0000055,乐比悠悠1,http://www.le.com/comic/28875.html,
C0000056,乐比悠悠2,http://www.le.com/comic/25943.html,
C0000057,乐比悠悠3,http://www.le.com/comic/80328.html,
C0000058,乐比悠悠4,http://www.le.com/comic/49197.html,https://www.bilibili.com/video/av273612/
C0000059,少年阿凡提1,,
C0000060,少年阿凡提2,,
C0000061,泡芙小姐1,,
C0000062,泡芙小姐2,,
C0000063,泡芙小姐3,,
C0000064,泡芙小姐4,,
C0000065,古剑奇谭动画版1,http://www.le.com/comic/10003389.html,
C0000066,宝宝巴士玩具,,
C0000067,巨神战击队1,http://www.le.com/comic/86354.html,
C0000068,呼噜小精灵,,
C0000069,神兵小将,,
C0000070,熊出没之过年,http://www.le.com/comic/10024473.html,
C0000071,熊出没之丛林总动员,,
C0000072,兔小贝儿歌,,
C0000073,猪猪侠之变身小英雄,http://www.le.com/comic/95152.html,
C0000074,超神学院,,https://www.bilibili.com/video/av3429177/index_1.html
C0000075,尸兄,,https://www.bilibili.com/bangumi/media/md662/?spm_id_from=666.10.bangumi_detail.2
C0000076,新大头儿子和小头爸爸,,
C0000077,喜羊羊与灰太狼之开心方程式,,
C0000078,喜羊羊与灰太狼之懒羊羊当大厨,,
C0000079,巴啦啦小魔仙之奇迹舞步,,
C0000080,铠甲勇士3,,
C0000081,精灵梦叶罗丽1,,
C0000082,纳米核心,http://www.le.com/comic/96181.html,https://www.bilibili.com/bangumi/media/md6373
C0000083,斗龙战士2,http://www.le.com/comic/94552.html,
C0000084,侠岚3,,
C0000085,侠岚4,,
C0000086,神兽金刚2,,
C0000087,阿U之开心童年,,
C0000088,阿U之爆笑校园,http://www.le.com/comic/10003931.html,
C0000089,阿U之为成长加优,,
C0000090,逗逗迪迪之汉字小侦探,http://www.le.com/comic/95125.html,
C0000091,疯狂小糖1,,
C0000092,开心宝贝之古灵星历险记,,
C0000093,锦绣神州之奇游迹,http://www.le.com/comic/95075.html,
C0000094,超神游戏,http://www.le.com/comic/94506.html,
C0000095,死灵编码,http://www.le.com/comic/95122.html,https://www.bilibili.com/bangumi/media/md667
C0000096,啦啦啦德玛西亚3,http://www.le.com/comic/89461.html,
C0000097,啦啦啦德玛西亚4（超神学院1）,http://www.le.com/comic/94905.html,
C0000098,神奇阿呦,http://www.le.com/comic/10007583.html,
C0000099,赛尔号2,http://www.le.com/comic/91640.html,
C0000100,神魄,,https://www.bilibili.com/bangumi/media/md664
C0000101,小胖妞4,,
C0000102,机甲旋风1,,
C0000103,机甲旋风2,,
C0000104,福乐寻宝历险记1,,
C0000105,福乐寻宝历险记2,,
C0000106,少年阿凡提3,,
C0000107,少年阿凡提4,,
C0000108,撸时代,,
C0000109,呼噜小精灵2,,
C0000110,武战道,,
C0000111,斗战神,,
C0000112,电击小子3之四圣团,http://www.le.com/comic/10002036.html,
C0000113,山海师,http://www.le.com/comic/93609.html,
C0000114,外星小子哆布哆,,
C0000115,阿狸梦之岛,http://www.le.com/comic/87275.html,
C0000116,十万个冷笑话 特别版,,
C0000117,洛克王国大冒险,http://www.le.com/comic/10001025.html,
C0000118,十万个冷笑话2,,
C0000119,快乐酷宝1,http://www.le.com/comic/10009757.html,
C0000120,魔幻陀螺,http://www.le.com/comic/10001096.html,
C0000121,熊出没之夺宝熊兵,http://www.le.com/comic/95484.html,
C0000122,熊出没之年货,http://www.le.com/comic/95919.html,
C0000123,熊出没之春日对对碰,http://www.le.com/comic/10006735.html,
C0000124,秦时明月之君临天下,,
C0000125,画江湖之不良人,,
C0000126,小花仙,,
C0000127,中国惊奇先生,,
C0000128,猪猪侠之变身战队,http://www.le.com/comic/10003139.html,
C0000129,王牌御史,http://www.le.com/comic/10002875.html,https://www.bilibili.com/bangumi/media/md1700
C0000130,咕力咕力,,
C0000131,巧虎来啦,,
C0000132,侠岚5,http://www.le.com/comic/10002172.html,https://www.bilibili.com/bangumi/media/md3324
C0000133,梦幻西游,http://www.le.com/comic/10007406.html,
C0000134,茶啊二中1,,
C0000135,端脑,http://www.le.com/comic/10006764.html,https://www.bilibili.com/bangumi/media/md2631
C0000136,霹雳勇士之元气勇者,http://www.le.com/comic/10007168.html,
C0000137,火力少年王5传奇再现,http://www.le.com/comic/10004633.html,
C0000138,指令宝贝,http://www.le.com/comic/10004585.html,
C0000139,超智能足球,http://www.le.com/comic/81641.html,
C0000140,正义红师,http://www.le.com/comic/10003779.html,https://www.bilibili.com/bangumi/media/md3403
C0000141,新大头儿子和小头爸爸2,http://www.le.com/comic/10002035.html,
C0000142,喜羊羊与灰太狼之羊羊小心愿,,
C0000143,喜羊羊与灰太狼之衣橱大冒险,,
C0000144,叫我僵小鱼,,https://www.bilibili.com/bangumi/media/md6052/?spm_id_from=666.10.bangumi_detail.2
C0000145,妖怪名单1,,
C0000146,宝狄与好友,http://www.le.com/comic/10000236.html,
C0000147,果宝特攻3,,
C0000148,超神学院2,,
C0000149,阿U之神奇萝卜,,
C0000150,功夫家族之笨笨鼠,http://www.le.com/comic/95489.html,
C0000151,美食大冒险1,,
C0000152,美食大冒险2,,
C0000153,潜艇总动员4章鱼奇遇记,,
C0000154,开心宝贝之开心联盟争霸战,,
C0000155,开心宝贝之奇幻之旅,,
C0000156,大秦五行少年传,,
C0000157,魁拔妖侠传,,https://www.bilibili.com/bangumi/media/md6190
C0000158,龙之谷：破晓奇兵,,
C0000159,旅行家酷狗,,
C0000160,郑成功,,
C0000161,猪猪侠之勇闯巨人岛,http://www.le.com/comic/10001862.html,
C0000162,神秘世界历险记2,,
C0000163,啦啦啦德玛西亚5（超神学院2）,,
C0000164,赛尔号3,http://www.le.com/comic/10001758.html,
C0000165,赛尔号4,,
C0000166,我的朋友猪迪克,http://www.le.com/comic/10000483.html,
C0000167,功夫兔与菜包狗,http://www.le.com/comic/10000433.html,https://www.bilibili.com/bangumi/media/md349
C0000168,魔晶猎人1,http://www.le.com/comic/10004368.html,
C0000169,古剑奇谭动画版2,http://www.le.com/comic/10003393.html,
C0000170,巨神战击队2,http://www.le.com/comic/10007186.html,
C0000171,熊出没之雪岭熊风,http://www.le.com/movie/10006870.html,
C0000172,熊出没之冬日乐翻天,http://www.le.com/comic/10010805.html,
C0000173,巴啦啦小魔仙之梦幻旋律,http://www.le.com/comic/10007605.html,
C0000174,猪猪侠之五灵守卫者,,
C0000175,猪猪侠之终极决战前夜篇,http://www.le.com/comic/10009853.html,
C0000176,猪猪侠之百变联盟,http://www.le.com/comic/10008651.html,
C0000177,狐妖小红娘,,https://www.bilibili.com/bangumi/media/md2543/
C0000178,画江湖之灵主,http://www.le.com/comic/10012325.html,https://www.bilibili.com/bangumi/media/md3022
C0000179,十万个冷笑话3,,
C0000180,精灵梦叶罗丽2,http://www.le.com/comic/10011158.html,
C0000181,星学院,http://www.le.com/comic/10014114.html,
C0000182,跳跳鱼世界1,,
C0000183,熊仔之菲熊不可,,
C0000184,蛋计划,http://www.le.com/comic/10016235.html,
C0000185,灵域1,,
C0000186,我叫白小飞,http://www.le.com/comic/10009093.html,
C0000187,莽荒纪1,,
C0000188,茶啊二中2,http://www.le.com/comic/10004518.html,
C0000189,爱神巧克力,,
C0000190,梦幻西游2,,
C0000191,凹凸世界1,,https://www.bilibili.com/bangumi/media/md3043
C0000192,新大头儿子和小头爸爸3,,
C0000193,超级飞侠,,
C0000194,喜羊羊与灰太狼之妈妈乐疯狂,,
C0000195,喜羊羊与灰太狼之原始世界历险记,http://www.le.com/comic/10018986.html,
C0000196,巴啦啦小魔仙之音符之谜,,
C0000197,铠甲勇士4,http://www.le.com/comic/10015615.html,
C0000198,精灵梦叶罗丽3,http://www.le.com/comic/10014555.html,
C0000199,宝狄与好友2,http://www.le.com/comic/10009809.html,
C0000200,斗龙战士3,http://www.le.com/comic/10013043.html,
C0000201,小破孩裤衩爱情,http://www.le.com/comic/10014662.html,
C0000202,京剧猫（上）,,
C0000203,百变马丁,,
C0000204,择天记动画,,
C0000205,那年那兔那些事,http://www.le.com/comic/10008395.html,https://www.bilibili.com/bangumi/media/md1689
C0000206,超神学院3,,
C0000207,雏蜂,http://www.le.com/comic/10010063.html,https://www.bilibili.com/bangumi/media/md2632
C0000208,快递侠,,https://www.bilibili.com/bangumi/media/md2709
C0000209,那年那兔那些事2,http://www.le.com/comic/10015415.html,https://www.bilibili.com/bangumi/media/md2967
C0000210,疯狂小糖2,,
C0000211,兔子帮2,,
C0000212,开心超人联盟之超时空保卫战,http://www.le.com/comic/10011375.html,
C0000213,少年毛泽东,,
C0000214,啦啦啦德玛西亚6,,
C0000215,赛尔号5,,
C0000216,我叫MT7,,https://www.bilibili.com/bangumi/media/md3819
C0000217,长歌行,,https://www.bilibili.com/bangumi/media/md2960
C0000218,魔晶猎人2,,
C0000219,宝宝巴士儿歌,http://www.le.com/comic/10016474.html,
C0000220,贝瓦儿歌,http://www.le.com/comic/92063.html,
C0000221,小童猫之喵星来客,http://www.le.com/comic/10008916.html,
C0000222,大力金刚（禁播）,,
C0000223,神明之胄,,
C0000224,呼噜小精灵3,,
C0000225,帮帮龙出动,http://www.le.com/comic/10009765.html,
C0000226,快乐酷宝2,,
C0000227,熊出没之秋日团团转,http://www.le.com/comic/10022543.html,
C0000228,熊出没之夏日连连看,http://www.le.com/comic/10017561.html,
C0000229,超级飞侠2,,
C0000230,画江湖之不良人2,http://www.le.com/comic/10022828.html,https://www.bilibili.com/bangumi/media/md5352
C0000231,新葫芦兄弟1 上篇,,
C0000232,超能玩具白白侠,,
C0000233,猪猪侠之光明守卫者 上部,http://www.le.com/comic/10021160.html,
C0000234,舞法天女朵法拉,http://www.le.com/comic/10025816.html,
C0000235,贝乐虎儿歌,,
C0000236,天行九歌,http://www.le.com/comic/10019271.html,
C0000237,镇魂街,,https://www.bilibili.com/bangumi/media/md3863
C0000238,巴啦啦小魔仙之飞越彩灵堡,http://www.le.com/comic/10030947.html,
C0000239,小破孩 有内涵,,
C0000240,侠岚6,http://www.le.com/comic/10017854.html,
C0000241,棉花糖和云朵妈妈,,
C0000242,猪猪侠之光明守卫者 下部,http://www.le.com/comic/10021160.html,
C0000243,超神学院之黑甲,,https://www.bilibili.com/bangumi/media/md5147
C0000244,喜羊羊与灰太狼之智趣羊学堂,http://www.le.com/comic/10021943.html,
C0000245,太乙仙魔录之灵飞纪1,,https://www.bilibili.com/bangumi/media/md3400
C0000246,灵域3,,
C0000247,女娲成长日记,,https://www.bilibili.com/bangumi/media/md5612
C0000248,全职法师,,https://www.bilibili.com/bangumi/media/md5613/
C0000249,我差点就信了2,,
C0000250,一人之下,http://www.le.com/comic/10022999.html,
C0000251,灵域2,,
C0000252,灵契,,https://www.bilibili.com/bangumi/media/md5102
C0000253,兽王争锋1,http://www.le.com/comic/10032308.html,
C0000254,小鸡彩虹,http://www.le.com/comic/10022461.html,
C0000255,聪聪智慧岛,http://www.le.com/comic/10030780.html,
C0000256,梦想召唤王,http://www.le.com/comic/10030687.html,
C0000257,精灵梦叶罗丽4,http://www.le.com/comic/10025408.html,
C0000258,武庚纪,,https://www.bilibili.com/bangumi/media/md5291
C0000259,画江湖之杯莫停,,
C0000260,猪猪侠之梦想守卫者 上部,http://www.le.com/comic/10030784.html,
C0000261,猪猪侠之梦想守卫者 下部,http://www.le.com/comic/10030784.html,
C0000262,墓王之王,,
C0000263,魔幻陀螺2,http://www.le.com/comic/10031344.html,
C0000264,一禅小和尚,,https://www.bilibili.com/bangumi/media/md5839
C0000265,星学院2月灵手环,,
C0000266,火线传奇,,https://www.bilibili.com/bangumi/media/md5609
C0000267,从前有座灵剑山,http://www.le.com/comic/10015978.html,
C0000268,京剧猫（下）,,
C0000269,斗龙战士之星印罗盘,http://www.le.com/movie/10024853.html,
C0000270,纳米核心2,,https://www.bilibili.com/bangumi/media/md6354
C0000271,喜羊羊与灰太狼之嘻哈闯世界,http://www.le.com/comic/10018293.html,
C0000272,喜羊羊与灰太狼之羊羊小侦探,http://www.le.com/comic/10032695.html,
C0000273,聪明的顺溜之雄鹰小子1,http://www.le.com/comic/10019458.html,
C0000274,爆裂飞车1,http://www.le.com/comic/10019703.html,
C0000275,斗龙战士4,http://www.le.com/comic/10029536.html,
C0000276,灵域4,,
C0000277,开心超人联盟之英雄归来,http://www.le.com/comic/10024911.html,
C0000278,图腾领域,http://www.le.com/comic/10026323.html,
C0000279,赛尔号6,,
C0000280,猎车兽魂,http://www.le.com/comic/10020467.html,
C0000281,熊猫和小鼹鼠,,
C0000282,灵石茂险王,,
C0000283,魔晶猎人3,http://www.le.com/comic/10023459.html,
C0000284,宝宝巴士之奇妙好习惯,,
C0000285,巨神战击队3 ,http://www.le.com/comic/10029901.html,
C0000286,神奇阿呦之最强流星人,http://www.le.com/comic/10026308.html,
C0000287,呼噜小精灵4,,
C0000288,茶啊二中3,,
C0000289,赛尔号7,,
C0000290,熊熊乐园,,
C0000291,超级飞侠3,,
C0000292,熊出没之探险日记,,
C0000293,斗破苍穹,,https://www.bilibili.com/bangumi/media/md5851
C0000294,猪猪侠之超星萌宠1,,
C0000295,全职高手,,
C0000296,猪猪侠之超星萌宠2,,
C0000297,萌鸡小队,,
C0000298,妖神记,,
C0000299,喜羊羊与灰太狼之深海历险记,http://www.le.com/comic/10034081.html,
C0000300,妖怪名单2,,https://www.bilibili.com/bangumi/media/md5857
C0000301,精灵梦叶罗丽5,http://www.le.com/comic/10037189.html,
C0000302,猪猪侠之超星萌宠3,,
C0000303,墓王之王寒铁斗,,
C0000304,爆裂飞车2,http://www.le.com/comic/10035069.html,
C0000305,宝宝巴士启蒙音乐剧之恐龙世界,,
C0000306,一人之下2,,
C0000307,方块熊乐园,,
C0000308,巴啦啦小魔仙之飞越彩灵堡2,,
C0000309,纳米核心3,,https://www.bilibili.com/bangumi/media/md7172
C0000310,小花仙3 守护天使,,
C0000311,画江湖之换世门生,,
C0000312,峡谷重案组,,https://www.bilibili.com/bangumi/media/md6388
C0000313,血色苍穹,,https://www.bilibili.com/bangumi/media/md5844
C0000314,银之守墓人,http://www.le.com/comic/10035403.html,https://www.bilibili.com/bangumi/media/md5856
C0000315,少年锦衣卫1,http://www.le.com/comic/10034171.html,
C0000316,星原小宝,,
C0000317,泰拉星环,,
C0000318,枪娘,,
C0000319,宝狄与好友3,,
C0000320,太乙仙魔录之灵飞纪2,http://www.le.com/comic/10036172.html,https://www.bilibili.com/bangumi/media/md5848
C0000321,星兽猎人,http://www.le.com/comic/10035362.html,
C0000322,斗龙战士5,,
C0000323,京剧猫之信念的冒险,,
C0000324,阿拉德：宿命之门,http://www.le.com/comic/10036266.html,https://www.bilibili.com/bangumi/media/md5855
C0000325,超神学院之雄兵连,,
C0000326,新葫芦兄弟1 下篇,,
C0000327,雄兵连,,
C0000328,雄兵连之雄芯篇,,
C0000329,帮帮龙出动之恐龙探险队,,
C0000330,枪神记,,
C0000331,甜心格格3,http://www.le.com/comic/10034470.html,
C0000332,我的天劫女友,,
C0000333,山海宝贝,,
C0000334,喜羊羊与灰太狼之发明大作战,,
C0000335,从前有座灵剑山2,http://www.le.com/comic/10034181.html,https://www.bilibili.com/bangumi/media/md5831/
C0000336,少年锦衣卫2,,https://www.bilibili.com/bangumi/media/md6572
C0000337,降灵记1,,https://www.bilibili.com/bangumi/media/md5975
C0000338,全职法师2,,
C0000339,三只兔子,http://www.le.com/comic/10034632.html,
C0000340,新大头儿子小头爸爸4,,
C0000341,宝宝巴士亲子游戏,,
C0000342,食神魂1,http://www.le.com/comic/10036850.html,https://www.bilibili.com/bangumi/media/md6186
C0000343,万古仙穹1,,
C0000344,宝狄与好友4,,
C0000345,灵域5,,
C0000346,果宝特攻4,,
C0000347,美食大冒险3,,
C0000348,兔子帮3,,
C0000349,开心超人联盟之星际危机,,
C0000350,魔晶猎人4,,
C0000351,凹凸世界2,,
C0000352,百变马丁2,,
C0000353,赛尔号 第8季,,
C0000354,斗罗大陆1,,
C0000355,超级飞侠4,,
C0000356,喜羊羊与灰太狼之奇幻天空岛,,
C0000357,画江湖之侠岚,,
C0000358,王者歪传,,
C0000359,斗罗大陆2绝世唐门,,
C0000360,快乐东西1,,
C0000361,斗破苍穹2,,
C0000362,灵契2 黄泉之契,,
C0000363,哈喽！葡星人之极训特工,,
C0000364,叫我僵小鱼之日常篇2,,
C0000365,万界仙踪,,https://www.bilibili.com/bangumi/media/md77412/
C0000366,快乐酷宝3,,
C0000367,超变战陀,,
C0000368,茶啊二中4,,
C0000369,跳跃战士,,
C0000370,实验品家庭,,
C0000371,猪猪侠之竞球小英雄,,
C0000372,三只松鼠,,
C0000373,幻界王,,
C0000374,末世觉醒之入侵,,
C0000375,食神魂2,,
C0000376,魔幻陀螺之机甲战车,,
C0000377,百变马丁3,,
C0000378,白夜玲珑,,
C0000379,聪明的顺溜之雄鹰小子2,,
C0000380,吃鸡大作战1,,
C0000381,斗魂卫之玄月奇缘,,
C0000382,蛋蛋小子之蛋星侠,,
C0000383,刺客伍六七,,
C0000384,赛尔号 第9季 霹雳九重天,,
C0000385,乐高侏罗纪世界：逃走的帝王暴龙,,
C0000386,精灵梦叶罗丽6,,
C0000387,超智能足球2世界大赛篇,,
C0000388,爆裂飞车3,,
C0000389,神兵小将2,,
C0000390,铠甲勇士铠传,,
C0000391,峡谷重案组2,,
C0000392,小鹿杏仁儿,,
C0000393,可可小爱科普系列2,,
C0000394,猪猪侠之环球日记,,
C0000395,妖神记2,,
C0000396,芭比来了,,
C0000397,万古仙穹2,,
C0000398,X-龙时代 动态漫画,,
C0000399,别惹流氓兔马修,,
C0000400,香肠派对,,
C0000401,宝宝巴士启蒙音乐剧之汽车家族,,
C0000402,酷杰的科学之旅森林探险,,
C0000403,帝王攻略,,
C0000404,我的逆天神器,,
C0000405,末日曙光,,
C0000406,观海策,,
C0000407,队长小翼,,
C0000408,大食谱,,
C0000409,阴阳师・平安物语,,https://www.bilibili.com/bangumi/media/md25732/
C0000410,吃鸡连（绝地求生动画）,,
C0000411,梦塔・雪谜城,,
C0000412,永恒至尊,,
C0000413,我在皇宫当巨巨,,
C0000414,可可小爱科普1,,
C0000415,快把我哥带走,,https://www.bilibili.com/bangumi/media/md6012
C0000416,小花仙4 守护天使2,,
A0000368,莫斯科行动,,
A0000381,恋爱先生,,
A0000412,凤囚凰,,
A0000308,寻秦记,,
A0000327,我的青春遇见你,,
A0000402,和平饭店,,
A0000346,蜀山战纪2踏火行歌,,
A0000343,谈判官,,
A0000304,一路繁花相送,,
A0000359,飘香剑雨,,
A0000405,柜中美人,,
A0000417,独孤天下,,
A0000315,新笑傲江湖,,
A0000372,美好生活,,
A0000379,烈火如歌,,
A0000353,人生若如初相见,,
A0000384,老男孩,,
A0000302,以你为名的青春,,
A0000366,南方有乔木,,
A0000403,好久不见,,
A0000351,三国机密之潜龙在渊,,
A0000418,动物系恋人啊,,
A0000298,远大前程,http://www.le.com/tv/10030372.html,
A0000391,金牌投资人,,
A0000428,北京女子图鉴,,
A0000332,我才不会被女孩子欺负呢,,
A0000322,下一站，别离,,
A0000296,真爱的谎言之破冰者,,
A0000370,萌妻食神,,
A0000334,温暖的弦,,
A0000375,莽荒纪,,
A0000350,上海女子图鉴,,
A0000361,泡沫之夏,,
A0000392,结爱・千岁大人的初恋,,
A0000406,归去来,,
A0000408,宫心计2深宫计,,
A0000362,哦！我的皇帝陛下2,,
A0000352,如果，爱,,
A0000292,最好的安排,,
A0000385,琅琊榜之风起长林,,
A0000413,风筝,,
A0000401,红蔷薇,,
A0000358,柒个我,,
A0000247,猎场,http://www.le.com/tv/10014079.html,
A0000430,爱国者,,
A0000336,脱身,,
A0000295,镇魂,,
A0000415,法医秦明2 清道夫,,
A0000335,为了你我愿意热爱整个世界,,
A0000411,扶摇,,
B0000346,巨额来电,,
B0000246,芳华,,
B0000305,妖猫传,,
B0000264,心理罪之城市之光,,
B0000256,机器之血,,
B0000254,妖铃铃,,
B0000241,前任3再见前任,,
B0000308,解忧杂货店,,
B0000247,二代妖精之今生有幸,,
B0000243,无问西东,,
B0000326,卧底巨星,,
B0000367,大世界,,
B0000269,英雄本色2018,,
B0000271,谜巢,,
B0000285,南极之恋,,
B0000276,灵魂摆渡・黄泉,,
B0000260,祖宗十九代,,
B0000238,捉妖记2,,
B0000262,熊出没・变形记,,
B0000300,我不是药神,,
B0000274,西游记女儿国,,
B0000240,唐人街探案2,,
B0000239,红海行动,,
B0000356,闺蜜2,,
B0000328,玩世英雄,,
B0000336,魔国志1之黄巾之乱,,
B0000344,妈妈咪鸭,,
B0000318,遇见你真好,,
B0000287,我说的都是真的,,
B0000333,奇葩朵朵,,
B0000312,暴裂无声,,
B0000339,米花之味,,
B0000288,21克拉,,
B0000317,战神纪,,
B0000272,幕后玩家,,
B0000266,后来的我们,,
B0000364,低压槽：欲望之城,,
B0000327,我是你妈,,
B0000304,超时空同居,,
B0000306,西小河的夏天,,
B0000368,陈翔六点半之铁头无敌,,
B0000351,济公之英雄归位,,
B0000374,报告老师我是东北银,,
B0000372,毕业作品,,
B0000325,香港大营救,,
B0000281,罪途之死亡列车,,
B0000314,罪途之救赎代价,,
B0000313,罪途之正义规则,,
B0000337,命运速递,,
B0000340,迷失地铁,,
A0000471,凉生，我们可不可以不忧伤,,
A0000472,斗破苍穹,,
A0000473,橙红年代,,
A0000474,许你浮生若梦,,
A0000475,娘道,,
A0000476,蚀日风暴,,
A0000477,如若巴黎不快乐,,
A0000478,颤抖吧阿部之朵星风云,,
A0000479,一千零一夜,,
A0000480,游泳先生,,
A0000481,一代名相陈廷敬,,
A0000482,鸣鸿传,,
A0000483,战犯,,
A0000484,啊，父老乡亲,,
A0000485,那抹属于我的星光,,
A0000486,生于70年代,,
A0000487,倾世妖颜,,
C0000427,妖神记之影妖篇,,
C0000428,灵邪记,,
C0000429,剑网3・侠肝义胆沈剑心,,
B0000427,反贪风暴3,,
B0000428,黄金兄弟,,
B0000429,悲伤逆流成河,,
B0000430,李茶的姑妈,,
B0000431,江湖儿女,,
B0000432,影,,
B0000433,无双,,
B0000434,大闹西游,,
B0000435,胖子行动队,,
B0000436,藏北秘岭・重返无人区,,
B0000437,说走就走之不说再见,,
B0000438,未择之路,,
B0000439,找到你,,
B0000440,那些女人,,
B0000441,剩女大逃亡,,
B0000442,李学生,,
B0000443,深海历险记,,
B0000444,信仰者,,
B0000445,文朝荣,,
B0000446,解剖室灵异事件之男生宿舍,,
B0000447,疯狂丑小鸭,,
B0000448,让我怎么相信你,,
B0000449,大寒,,
B0000450,旅行吧！井底之蛙,,
B0000451,禹神传之寻找神力,,
B0000452,天慕,,
B0000453,足球王者,,
B0000454,昆塔・盒子总动员,,
B0000455,邹碧华,,
B0000456,警车联盟,,
B0000457,李保国,,
B0000458,曹操与杨修(京剧),,
B0000459,吻隐者,,
B0000460,为爱担当,,
B0000461,草戒指,,
B0000462,极品师徒,,
B0000463,动物世界,http://www.le.com/movie/10038766.html,
B0000464,道高一丈,,
B0000465,生存家族,,
B0000466,大蛇,,
B0000467,道师爷,,
B0000468,御龙修仙传,,
B0000469,夺宝同盟之神秘笔记,,
B0000470,新白蛇传之九尾狐,,
B0000471,古墓兽影,,
B0000472,降妖天师,,
B0000473,前任局中局,,
B0000474,怪兽2018,,
B0000475,厕所英雄,,
B0000476,降魔武僧,,
B0000477,斗墓占花魁,,
B0000478,天生不对,http://www.le.com/movie/10038283.html,
B0000479,桃花劫,,
C0000434,我是江小白2,,
C0000435,驸马不要啊,,
C0000436,公主病的克星,,
C0000437,宝宝巴士启蒙音乐剧之新奇世界,http://www.le.com/comic/10039434.html,
C0000438,极品家丁,,
C0000439,超级飞侠4,,
B0000488,无名之辈,,
B0000489,中国蓝盔,,
B0000490,你好，之华,,
B0000491,恐龙王,,
B0000492,冰封侠：时空行者,,
B0000493,影,,
B0000494,你美丽了我的人生,,
B0000495,黑暗迷宫,,
B0000496,邪不压正,,
B0000497,我不是药神,,
B0000498,西虹市首富,,
B0000499,悲伤逆流成河,,
B0000500,忍者通告,,
B0000501,张艺谋和他的“影”,,
B0000502,反贪风暴3,,
B0000503,四大名捕之入梦妖灵,,
B0000504,黄金兄弟,,
B0000505,药仙,,
B0000506,记忆折叠,,
B0000507,擒贼先擒王,,
B0000508,千门女王之螳螂捕蝉,,
A0000501,你和我的倾城时光,,
A0000502,将夜,,
A0000503,原来你还在这里,,
A0000504,人不彪悍枉少年,,
A0000505,幸福一家人,,
A0000506,我们的四十年,http://www.le.com/tv/10039418.html,
A0000507,我的保姆手册,,
A0000508,兄弟,,
A0000509,回到明朝当王爷之杨凌传,,
A0000510,火王之破晓之战,,
A0000511,千门江湖之诡面疑云,,
A0000512,唐砖,,
A0000513,镇魂,,
A0000514,是_的，法官阁下,,
A0000515,跳跃生命线,,
