产品id,产品名称,产品链接
A0000001,,https://list.youku.com/show/id_zc4fe3ca0606b11e29498.html?spm=a2h0j.11185381.bpmodule-playpage-righttitle.5~H2~A
A0000006,,https://list.youku.com/show/id_zcef59bd63f6411e2a19e.html?spm=a2h0j.11185381.bpmodule-playpage-righttitle.5~H2~A
A0000016,,https://list.youku.com/show/id_ze4e3008089ef11e1a19e.html?spm=a2h0j.11185381.bpmodule-playpage-righttitle.5~H2~A
A0000019,,https://list.youku.com/show/id_ze42c005a5f9c11e2b356.html?spm=a2h0j.11185381.bpmodule-playpage-righttitle.5~H2~A
A0000020,,https://list.youku.com/show/id_z24e2af6069ce11e196ac.html?spm=a2h0j.11185381.bpmodule-playpage-righttitle.5~H2~A
A0000022,,https://list.youku.com/show/id_z37d66582d70311e29748.html?spm=a2h0j.11185381.bpmodule-playpage-righttitle.5~H2~A
A0000023,,https://list.youku.com/show/id_zd4edea60e0d011df97c0.html?spm=a2h0j.11185381.bpmodule-playpage-righttitle.5~H2~A
A0000026,,http://list.youku.com/show/id_z4ecc777ef24b11e1b16f.html?tpa=dW5pb25faWQ9MTAzNzUzXzEwMDAwMV8wMV8wMQ&refer=baiduald1705
A0000031,,https://list.youku.com/show/id_z42cbcb6a353e11e296ac.html?spm=a2h0j.11185381.bpmodule-playpage-righttitle.5~H2~A
A0000034,,https://list.youku.com/show/id_z2db20d5c524e11e2a19e.html?spm=a2h0j.11185381.bpmodule-playpage-righttitle.5~H2~A
A0000035,,https://list.youku.com/show/id_zf8e16c823eb911e2b16f.html?spm=a2h0j.11185381.bpmodule-playpage-righttitle.5~H2~A
A0000037,,https://list.youku.com/show/id_z3fa08c4a094311e2b16f.html?spm=a2h0j.11185381.bpmodule-playpage-righttitle.5~H2~A
A0000039,,https://list.youku.com/show/id_z83307696561411e2a19e.html?spm=a2h0j.11185381.bpmodule-playpage-righttitle.5~H2~A
A0000043,,https://list.youku.com/show/id_z53c8401cc84411e2b356.html?spm=a2h0j.11185381.bpmodule-playpage-righttitle.5~H2~A
A0000045,,https://list.youku.com/show/id_z06ecb10e6b4e11e2b2ac.html?spm=a2h0j.11185381.bpmodule-playpage-righttitle.5~H2~A
A0000051,,https://list.youku.com/show/id_z0be44a68f05111e28b3f.html?spm=a2h0j.11185381.bpmodule-playpage-righttitle.5~H2~A
A0000053,,https://list.youku.com/show/id_zcae3960ec1b711e1b356.html?spm=a2h0j.11185381.bpmodule-playpage-righttitle.5~H2~A
A0000055,,https://list.youku.com/show/id_z3dcd2990781b11e2a19e.html?spm=a2h0j.11185381.bpmodule-playpage-righttitle.5~H2~A
A0000057,,https://list.youku.com/show/id_zbc6c13105c8111e3b8b7.html?spm=a2h0j.11185381.bpmodule-playpage-righttitle.5~H2~A
A0000058,,https://list.youku.com/show/id_ze0b29d68237011e097c0.html?spm=a2h0j.11185381.bpmodule-playpage-righttitle.5~H2~A
A0000060,,https://list.youku.com/show/id_z6c798516855b11e2b16f.html?spm=a2h0j.11185381.bpmodule-playpage-righttitle.5~H2~A
A0000061,,https://list.youku.com/show/id_zfceaf4bcd00611e3a705.html?spm=a2h0j.11185381.bpmodule-playpage-righttitle.5~H2~A
A0000071,,https://list.youku.com/show/id_zdfee6f12875611e4b2ad.html?spm=a2h0j.11185381.bpmodule-playpage-righttitle.5~H2~A
A0000080,,https://list.youku.com/show/id_zf1d657a4f84411e3a705.html?spm=a2h0j.11185381.bpmodule-playpage-righttitle.5~H2~A
A0000082,,https://list.youku.com/show/id_zd7e62f2efda711e2b8b7.html?spm=a2h0j.11185381.bpmodule-playpage-righttitle.5~H2~A
A0000084,,https://list.youku.com/show/id_z7d97a78256d611e296ac.html?spm=a2h0j.11185381.bpmodule-playpage-righttitle.5~H2~A
A0000085,,https://list.youku.com/show/id_z1647e22284ec11e4b2ad.html?spm=a2h0j.11185381.bpmodule-playpage-righttitle.5~H2~A
A0000086,,https://list.youku.com/show/id_zb54ab366f35911e2b8b7.html?spm=a2h0j.11185381.bpmodule-playpage-righttitle.5~H2~A
A0000087,,https://list.youku.com/show/id_z8acba566f0e611e2a705.html?spm=a2h0j.11185381.bpmodule-playpage-righttitle.5~H2~A
A0000089,,https://list.youku.com/show/id_z89551bf4e13311e19498.html?spm=a2h0j.11185381.bpmodule-playpage-righttitle.5~H2~A
A0000092,,https://list.youku.com/show/id_z6b6f9df8d4b211e299f6.html?spm=a2h0j.11185381.bpmodule-playpage-righttitle.5~H2~A
A0000094,,https://list.youku.com/show/id_z37f39fd6f84911e38b3f.html?spm=a2h0j.11185381.bpmodule-playpage-righttitle.5~H2~A
A0000097,,https://list.youku.com/show/id_z36f4748a8a7411e4abda.html?spm=a2h0j.11185381.bpmodule-playpage-righttitle.5~H2~A
A0000099,,https://list.youku.com/show/id_z55b958d67f7011e4b432.html?spm=a2h0j.11185381.bpmodule-playpage-righttitle.5~H2~A
A0000100,,https://list.youku.com/show/id_z0547630c036011e4b2ad.html?spm=a2h0j.11185381.bpmodule-playpage-righttitle.5~H2~A
A0000103,,https://list.youku.com/show/id_z335532c627e011e3b8b7.html?spm=a2h0j.11185381.bpmodule-playpage-righttitle.5~H2~A
A0000108,,https://list.youku.com/show/id_z95224500facd11e3b8b7.html?spm=a2h0j.11185381.bpmodule-playpage-righttitle.5~H2~A
A0000109,,https://list.youku.com/show/id_zb19aa9aa3a5d11e4b432.html?spm=a2h0j.11185381.bpmodule-playpage-righttitle.5~H2~A
A0000111,,https://list.youku.com/show/id_zd81272e859c011e4b432.html?spm=a2h0j.11185381.bpmodule-playpage-righttitle.5~H2~A
A0000115,,https://list.youku.com/show/id_zff173c06c4c011e38b3f.html?spm=a2h0j.11185381.bpmodule-playpage-righttitle.5~H2~A
A0000116,,https://list.youku.com/show/id_z9523895cc13911e296da.html?spm=a2h0j.11185381.bpmodule-playpage-righttitle.5~H2~A
A0000121,,https://list.youku.com/show/id_za6b5a300456f11e5b5ce.html?spm=a2h0j.11185381.bpmodule-playpage-righttitle.5~H2~A
A0000122,,https://list.youku.com/show/id_zd56886dc86fc11e3a705.html?spm=a2h0j.11185381.bpmodule-playpage-righttitle.5~H2~A
A0000123,,https://list.youku.com/show/id_z0af300b2ed2c11e3b8b7.html?spm=a2h0j.11185381.bpmodule-playpage-righttitle.5~H2~A
A0000129,,https://list.youku.com/show/id_zc7c670be07ff11e48b3f.html?spm=a2h0j.11185381.bpmodule-playpage-righttitle.5~H2~A
A0000132,,https://list.youku.com/show/id_z9f94b860cc6411e49e2a.html?spm=a2h0j.11185381.bpmodule-playpage-righttitle.5~H2~A
A0000133,,https://list.youku.com/show/id_z4633c05e55d011e5a080.html?spm=a2h0j.11185381.bpmodule-playpage-righttitle.5~H2~A
A0000134,,https://list.youku.com/show/id_zcfe83b2aa50111e4abda.html?spm=a2h0j.11185381.bpmodule-playpage-righttitle.5~H2~A
A0000135,,https://list.youku.com/show/id_z7e99324aa12a11e4b432.html?spm=a2h0j.11185381.bpmodule-playpage-righttitle.5~H2~A
A0000136,,https://list.youku.com/show/id_z2a6634cea23d11e5b692.html?spm=a2h0j.11185381.bpmodule-playpage-righttitle.5~H2~A
A0000145,,https://list.youku.com/show/id_zad0e27b6531511e38b3f.html?spm=a2h0j.11185381.bpmodule-playpage-righttitle.5~H2~A
A0000147,,https://list.youku.com/show/id_zd12d2fdaee4a11e49e2a.html?spm=a2h0j.11185381.bpmodule-playpage-righttitle.5~H2~A
A0000148,,https://list.youku.com/show/id_z5785e428cddf11e4b8e3.html?spm=a2h0j.11185381.bpmodule-playpage-righttitle.5~H2~A
A0000150,,https://list.youku.com/show/id_z685cd3d45fe311e4b2ad.html?spm=a2h0j.11185381.bpmodule-playpage-righttitle.5~H2~A
A0000155,,https://list.youku.com/show/id_za816fb62b44111e19013.html?spm=a2h0j.11185381.bpmodule-playpage-righttitle.5~H2~A
A0000165,,https://list.youku.com/show/id_z412e0866a8d111e2b2ac.html?spm=a2h0j.11185381.bpmodule-playpage-righttitle.5~H2~A
A0000166,,https://list.youku.com/show/id_z524b772a447d11e4abda.html?spm=a2h0j.11185381.bpmodule-playpage-righttitle.5~H2~A
A0000168,,https://list.youku.com/show/id_z823d4396e80111e4b432.html?spm=a2h0j.11185381.bpmodule-playpage-righttitle.5~H2~A
A0000171,,https://list.youku.com/show/id_z7a5b6434a2c211e4abda.html?spm=a2h0j.11185381.bpmodule-playpage-righttitle.5~H2~A
A0000177,,https://list.youku.com/show/id_z77b048e093e911e4b432.html?spm=a2h0j.11185381.bpmodule-playpage-righttitle.5~H2~A
A0000178,,https://list.youku.com/show/id_z48ac7758c7b011e4b2ad.html?spm=a2h0j.11185381.bpmodule-playpage-righttitle.5~H2~A
A0000179,,https://list.youku.com/show/id_zd66046b4e1b511e4b692.html?spm=a2h0j.11185381.bpmodule-playpage-righttitle.5~H2~A
A0000181,,https://list.youku.com/show/id_zd48990e24a0211e5b432.html?spm=a2h0j.11185381.bpmodule-playpage-righttitle.5~H2~A
A0000182,,https://list.youku.com/show/id_z097c0660555811e6bdbb.html?spm=a2h0j.11185381.bpmodule-playpage-righttitle.5~H2~A
A0000183,,https://list.youku.com/show/id_z6b2fc09c55d011e59e2a.html?spm=a2h0j.11185381.bpmodule-playpage-righttitle.5~H2~A
A0000187,,https://list.youku.com/show/id_z9cd2277647d311e5b692.html?spm=a2h0j.11185381.bpmodule-playpage-righttitle.5~H2~A
A0000194,,https://list.youku.com/show/id_z7bd563d8a56811e5be16.html?spm=a2h0j.11185381.bpmodule-playpage-righttitle.5~H2~A
A0000196,,https://list.youku.com/show/id_z30dd4bfa060411e6a080.html?spm=a2h0j.11185381.bpmodule-playpage-righttitle.5~H2~A
A0000216,,https://list.youku.com/show/id_zc99085240dca11e683e8.html?spm=a2h0j.11185381.bpmodule-playpage-righttitle.5~H2~A
A0000219,,https://list.youku.com/show/id_zee1e0fe402e211e6a080.html?spm=a2h0j.11185381.bpmodule-playpage-righttitle.5~H2~A
A0000220,,https://list.youku.com/show/id_z69cc4c7647d811e5a080.html?spm=a2h0j.11185381.bpmodule-playpage-righttitle.5~H2~A
A0000221,,https://list.youku.com/show/id_z21073c9078a111e5b692.html?spm=a2h0j.11185381.bpmodule-playpage-righttitle.5~H2~A
A0000222,,https://list.youku.com/show/id_z948f6a06531711e6b32f.html?spm=a2h0j.11185381.bpmodule-playpage-righttitle.5~H2~A
A0000223,,https://list.youku.com/show/id_zfacfcb0cec2511e583e8.html?spm=a2h0j.11185381.bpmodule-playpage-righttitle.5~H2~A
A0000224,,https://list.youku.com/show/id_z7f6d49d122ee11e69c81.html?spm=a2h0j.11185381.bpmodule-playpage-righttitle.5~H2~A
A0000229,,https://list.youku.com/show/id_z538d2808c83811e299f6.html?spm=a2h0j.11185381.bpmodule-playpage-righttitle.5~H2~A
A0000230,,https://list.youku.com/show/id_za3675f96e05a11e5b432.html?spm=a2h0j.11185381.bpmodule-playpage-righttitle.5~H2~A
A0000233,,https://list.youku.com/show/id_z1f881f242b6711e5b5ce.html?spm=a2h0j.11185381.bpmodule-playpage-righttitle.5~H2~A
A0000247,,https://list.youku.com/show/id_z5463e6e46f1c11e5b0dc.html
A0000249,,https://list.youku.com/show/id_zd9a314385d3911e7b197.html?spm=a2h0j.11185381.bpmodule-playpage-righttitle.5~H2~A
A0000251,,https://list.youku.com/show/id_z7a07efbfbd00efbfbd11.html?spm=a2h0j.11185381.bpmodule-playpage-righttitle.5~H2~A
A0000252,,https://list.youku.com/show/id_z0b562aa88e9111e6b16e.html?spm=a2h0j.11185381.bpmodule-playpage-righttitle.5~H2~A
A0000257,,https://list.youku.com/show/id_za88a0de8e5b911e5b2ad.html?spm=a2h0j.11185381.bpmodule-playpage-righttitle.5~H2~A
A0000259,,https://list.youku.com/show/id_zefbfbd636b61efbfbdef.html?spm=a2h0j.11185381.bpmodule-playpage-righttitle.5~H2~A
A0000261,,https://list.youku.com/show/id_zf891b5c25ab711e6bdbb.html?spm=a2h0j.11185381.bpmodule-playpage-righttitle.5~H2~A
A0000262,,https://list.youku.com/show/id_z3a85e68cbc1f11e6bdbb.html?spm=a2h0j.11185381.bpmodule-playpage-righttitle.5~H2~A
A0000263,,https://list.youku.com/show/id_z7760ccf08e8f11e6b32f.html?spm=a2h0j.11185381.bpmodule-playpage-righttitle.5~H2~A
A0000270,,https://list.youku.com/show/id_ze625d0e7bb6f11e6b16e.html?spm=a2h0j.11185381.bpmodule-playpage-righttitle.5~H2~A
A0000272,,https://list.youku.com/show/id_z42efbfbd2e17efbfbdef.html?spm=a2h0j.11185381.bpmodule-playpage-righttitle.5~H2~A
A0000277,,https://list.youku.com/show/id_zefbfbd2ec49c46efbfbd.html?spm=a2h0j.11185381.bpmodule-playpage-righttitle.5~H2~A
A0000279,,https://list.youku.com/show/id_zefbfbd78efbfbd32efbf.html?spm=a2h0j.11185381.bpmodule-playpage-righttitle.5~H2~A
A0000284,,https://list.youku.com/show/id_zefbfbd22c6a40d3211ef.html?spm=a2h0j.11185381.bpmodule-playpage-righttitle.5~H2~A
A0000292,,https://list.youku.com/show/id_z3d52efbfbdefbfbd3511.html
A0000293,,https://list.youku.com/show/id_zc10458126a734039be57.html?spm=a2h0j.11185381.bpmodule-playpage-righttitle.5~H2~A
A0000298,,https://list.youku.com/show/id_zf2e0da90b12911e69c81.html
A0000300,,https://list.youku.com/show/id_z197f619912104215a99d.html?spm=a2h0j.11185381.bpmodule-playpage-righttitle.5~H2~A
A0000301,,https://list.youku.com/show/id_z0b065fefbfbdefbfbd2d.html?spm=a2h0j.11185381.bpmodule-playpage-righttitle.5~H2~A
A0000303,,https://list.youku.com/show/id_z022f5558efbfbdefbfbd.html?spm=a2h0j.11185381.bpmodule-playpage-righttitle.5~H2~A
A0000304,,https://list.youku.com/show/id_zefbfbdefbfbddeb2477c.html
A0000306,,https://list.youku.com/show/id_z40efbfbdefbfbd5eefbf.html?spm=a2h0j.11185381.bpmodule-playpage-righttitle.5~H2~A
A0000307,,https://list.youku.com/show/id_z1defbfbd365536efbfbd.html?spm=a2h0j.11185381.bpmodule-playpage-righttitle.5~H2~A
A0000308,,https://list.youku.com/show/id_zcbfb7c9e962411de83b1.html
A0000315,,https://list.youku.com/show/id_zefbfbd29efbfbd773628.html
A0000319,,https://list.youku.com/show/id_zc4a553dfc2ed45bf8f83.html?spm=a2h0j.11185381.bpmodule-playpage-righttitle.5~H2~A
A0000320,,https://list.youku.com/show/id_z6f462fefbfbdefbfbdef.html?spm=a2h0j.11185381.bpmodule-playpage-righttitle.5~H2~A
A0000322,,https://list.youku.com/show/id_zefbfbdcf9660efbfbd11.html
A0000327,,https://list.youku.com/show/id_z07efbfbd721cefbfbd54.html
A0000332,,https://list.youku.com/show/id_zefbfbd5127efbfbdefbf.html
A0000333,,https://list.youku.com/show/id_z7aefbfbdefbfbdefbfbd.html?spm=a2h0j.11185381.bpmodule-playpage-righttitle.5~H2~A
A0000334,,https://list.youku.com/show/id_z50efbfbdefbfbd5fefbf.html
A0000336,,https://list.youku.com/show/id_z49efbfbd27efbfbd3614.html
A0000339,,https://list.youku.com/show/id_zdbb9e4cd1d6f4c15848d.html?spm=a2h0j.11185381.bpmodule-playpage-righttitle.5~H2~A
A0000340,,https://list.youku.com/show/id_z775628efbfbd08efbfbd.html?spm=a2h0j.11185381.bpmodule-playpage-righttitle.5~H2~A
A0000341,,https://list.youku.com/show/id_zd50f0790c21711e49e2a.html?spm=a2h0j.11185381.bpmodule-playpage-righttitle.5~H2~A
A0000343,,https://list.youku.com/show/id_z137b5f2675efbfbd11ef.html
A0000350,,https://list.youku.com/show/id_z37465befbfbdefbfbd7f.html
A0000352,,https://list.youku.com/show/id_z5befbfbdefbfbd1aefbf.html
A0000354,,https://list.youku.com/show/id_zefbfbd76efbfbd1aefbf.html?spm=a2h0j.11185381.bpmodule-playpage-righttitle.5~H2~A
A0000363,,https://list.youku.com/show/id_z0353efbfbdefbfbdd8b3.html?spm=a2h0j.11185381.bpmodule-playpage-righttitle.5~H2~A
A0000365,,https://list.youku.com/show/id_z07efbfbdefbfbd075111.html?spm=a2h0j.11185381.bpmodule-playpage-righttitle.5~H2~A
A0000366,,https://list.youku.com/show/id_ze1a09defbfbd36efbfbd.html
A0000368,,https://list.youku.com/show/id_zefbfbd23efbfbd7defbf.html
A0000369,,https://list.youku.com/show/id_z08efbfbdefbfbd013aef.html?spm=a2h0j.11185381.bpmodule-playpage-righttitle.5~H2~A
A0000371,,https://list.youku.com/show/id_zefbfbd1460efbfbd3545.html?spm=a2h0j.11185381.bpmodule-playpage-righttitle.5~H2~A
A0000372,,https://list.youku.com/show/id_zefbfbdd2946fefbfbdef.html
A0000379,,https://list.youku.com/show/id_zefbfbdefbfbdefbfbd1d.html
A0000381,,https://list.youku.com/show/id_zefbfbdefbfbd616836ef.html
A0000399,,https://list.youku.com/show/id_zfa4056a675d511e4b522.html?spm=a2h0j.11185381.bpmodule-playpage-righttitle.5~H2~A
A0000400,,https://list.youku.com/show/id_zcbff984c962411de83b1.html?spm=a2h0j.11185381.bpmodule-playpage-righttitle.5~H2~A
A0000402,,https://list.youku.com/show/id_z6befbfbd5465efbfbd4d.html
A0000403,,https://list.youku.com/show/id_ze9e2384d2da04e80b2a0.html
A0000405,,https://list.youku.com/show/id_z35efbfbd431c047111ef.html
A0000406,,https://list.youku.com/show/id_zefbfbd1c345539efbfbd.html
A0000410,,https://list.youku.com/show/id_z42efbfbd02efbfbdefbf.html?spm=a2h0j.11185381.bpmodule-playpage-righttitle.5~H2~A
A0000416,,https://list.youku.com/show/id_za1c9b99b85764ac68916.html?spm=a2h0j.11185381.bpmodule-playpage-righttitle.5~H2~A
A0000424,,https://list.youku.com/show/id_z2a56efbfbd72efbfbdef.html?spm=a2h0j.11185381.bpmodule-playpage-righttitle.5~H2~A
A0000428,,https://list.youku.com/show/id_ze18089efbfbdefbfbd48.html
A0000429,,https://list.youku.com/show/id_z2defbfbd5befbfbdefbf.html?spm=a2h0j.11185381.bpmodule-playpage-righttitle.5~H2~A
A0000430,,https://list.youku.com/show/id_zd9f0345666fe4ae1898c.html
A0000433,,http://list.youku.com/show/id_z69efbfbdefbfbd343a00.html?tpa=dW5pb25faWQ9MTAzNzUzXzEwMDAwMV8wMV8wMQ&refer=baiduald1705
A0000435,,http://list.youku.com/show/id_zefbfbd21efbfbdd68bef.html?tpa=dW5pb25faWQ9MTAzNzUzXzEwMDAwMV8wMV8wMQ&refer=baiduald1705
A0000438,,http://list.youku.com/show/id_z8384325b8e9411e69e06.html?tpa=dW5pb25faWQ9MTAzNzUzXzEwMDAwMV8wMV8wMQ&refer=baiduald1705
A0000439,,http://list.youku.com/show/id_zefbfbd7a7509efbfbdef.html?tpa=dW5pb25faWQ9MTAzNzUzXzEwMDAwMV8wMV8wMQ&refer=baiduald1705
A0000440,,http://list.youku.com/show/id_zefbfbdefbfbd325aefbf.html?tpa=dW5pb25faWQ9MTAzNzUzXzEwMDAwMV8wMV8wMQ&refer=baiduald1705
A0000442,,http://list.youku.com/show/id_z1fea56ce5dd2448f875d.html?tpa=dW5pb25faWQ9MTAzNzUzXzEwMDAwMV8wMV8wMQ&refer=baiduald1705
A0000444,,http://list.youku.com/show/id_zefbfbd46efbfbd0befbf.html?tpa=dW5pb25faWQ9MTAzNzUzXzEwMDAwMV8wMV8wMQ&refer=baiduald1705
A0000451,,http://list.youku.com/show/id_zefbfbd695cefbfbd5fef.html?tpa=dW5pb25faWQ9MTAzNzUzXzEwMDAwMV8wMV8wMQ&refer=baiduald1705
A0000453,,http://list.youku.com/show/id_zefbfbd4f66efbfbdefbf.html?tpa=dW5pb25faWQ9MTAzNzUzXzEwMDAwMV8wMV8wMQ&refer=baiduald1705
A0000456,,http://list.youku.com/show/id_z64d468ba0e6811e5b432.html?tpa=dW5pb25faWQ9MTAzNzUzXzEwMDAwMV8wMV8wMQ&refer=baiduald1705
A0000457,,http://list.youku.com/show/id_z88f2766bf54748b2b29a.html?tpa=dW5pb25faWQ9MTAzNzUzXzEwMDAwMV8wMV8wMQ&refer=baiduald1705
A0000458,,http://list.youku.com/show/id_zefbfbdefbfbd36efbfbd.html?tpa=dW5pb25faWQ9MTAzNzUzXzEwMDAwMV8wMV8wMQ&refer=baiduald1705
A0000463,,http://list.youku.com/show/id_z58290f8b1b164355a85b.html?tpa=dW5pb25faWQ9MTAzNzUzXzEwMDAwMV8wMV8wMQ&refer=baiduald1705
A0000465,,http://list.youku.com/show/id_z2fbdd76e33074f45b7d6.html?tpa=dW5pb25faWQ9MTAzNzUzXzEwMDAwMV8wMV8wMQ&refer=baiduald1705
A0000466,,http://list.youku.com/show/id_z3d7e1e3d391111efbfbd.html?tpa=dW5pb25faWQ9MTAzNzUzXzEwMDAwMV8wMV8wMQ&refer=baiduald1705
A0000469,,http://list.youku.com/show/id_zefbfbd3c7b021defbfbd.html?tpa=dW5pb25faWQ9MTAzNzUzXzEwMDAwMV8wMV8wMQ&refer=baiduald1705
A0000470,,http://list.youku.com/show/id_z6ad81e5b12e6419ca037.html?tpa=dW5pb25faWQ9MTAzNzUzXzEwMDAwMV8wMV8wMQ&refer=baiduald1705
B0000002,,https://list.youku.com/show/id_z6d391198f0d611e1b356.html?spm=a2h0j.11185381.bpmodule-playpage-righttitle.5~H2~A
B0000005,,https://list.youku.com/show/id_zbfd11a3ebcea11e0bf93.html?spm=a2h0j.11185381.bpmodule-playpage-righttitle.5~H2~A
B0000012,,https://list.youku.com/show/id_zaeae1bb4f34b11e28b3f.html?spm=a2h0j.11185381.bpmodule-playpage-righttitle.5~H2~A
B0000014,,https://list.youku.com/show/id_zb13112b6850a11e1b356.html?spm=a2h0j.11185381.bpmodule-playpage-righttitle.5~H2~A
B0000023,,https://list.youku.com/show/id_z9bfb3bb01c3f11e3b8b7.html?spm=a2h0j.11185381.bpmodule-playpage-righttitle.5~H2~A
B0000029,,https://list.youku.com/show/id_z1105804e508c11e2b16f.html?spm=a2h0j.11185381.bpmodule-playpage-righttitle.5~H2~A
B0000031,,https://list.youku.com/show/id_zc18b1320d49e11e2be40.html?spm=a2h0j.11185381.bpmodule-playpage-righttitle.5~H2~A
B0000032,,https://list.youku.com/show/id_zef77cb14bce711e0bf93.html?spm=a2h0j.11185381.bpmodule-playpage-righttitle.5~H2~A
B0000033,,https://list.youku.com/show/id_z4ba24d84edc311e2a705.html?spm=a2h0j.11185381.bpmodule-playpage-righttitle.5~H2~A
B0000036,,https://list.youku.com/show/id_zb54d026c9c0411e296ac.html?spm=a2h0j.11185381.bpmodule-playpage-righttitle.5~H2~A
B0000039,,https://list.youku.com/show/id_z77ba0fb0549e11e2b16f.html?spm=a2h0j.11185381.bpmodule-playpage-righttitle.5~H2~A
B0000040,,https://list.youku.com/show/id_z9930c9dcabe611e2b16f.html?spm=a2h0j.11185381.bpmodule-playpage-righttitle.5~H2~A
B0000043,,https://list.youku.com/show/id_z40d5300052ec11e2b16f.html?spm=a2h0j.11185381.bpmodule-playpage-righttitle.5~H2~A
B0000044,,https://list.youku.com/show/id_zaec7af8ca0dc11e2b16f.html?spm=a2h0j.11185381.bpmodule-playpage-righttitle.5~H2~A
B0000045,,https://list.youku.com/show/id_z16c7fe02bceb11e0bf93.html?spm=a2h0j.11185381.bpmodule-playpage-righttitle.5~H2~A
B0000049,,https://list.youku.com/show/id_z9e5ff662b6cc11e2be40.html?spm=a2h0j.11185381.bpmodule-playpage-righttitle.5~H2~A
B0000052,,https://list.youku.com/show/id_z62dd628a28d411e38b3f.html?spm=a2h0j.11185381.bpmodule-playpage-righttitle.5~H2~A
B0000054,,https://list.youku.com/show/id_ze1bb673cc81c11e2b16f.html?spm=a2h0j.11185381.bpmodule-playpage-righttitle.5~H2~A
B0000062,,https://list.youku.com/show/id_z8fdae98c76a011e3b8b7.html?spm=a2h0j.11185381.bpmodule-playpage-righttitle.5~H2~A
B0000063,,https://list.youku.com/show/id_z059d13d66b8711e3b8b7.html?spm=a2h0j.11185381.bpmodule-playpage-righttitle.5~H2~A
B0000064,,https://list.youku.com/show/id_z3f51e59c589b11e3a705.html?spm=a2h0j.11185381.bpmodule-playpage-righttitle.5~H2~A
B0000065,,https://list.youku.com/show/id_z9f015586984711e3a705.html?spm=a2h0j.11185381.bpmodule-playpage-righttitle.5~H2~A
B0000067,,https://list.youku.com/show/id_ze3266f4ca24a11e2a19e.html?spm=a2h0j.11185381.bpmodule-playpage-righttitle.5~H2~A
B0000068,,https://list.youku.com/show/id_z94259102481711e38b3f.html?spm=a2h0j.11185381.bpmodule-playpage-righttitle.5~H2~A
B0000069,,https://list.youku.com/show/id_z4167d498bceb11e0bf93.html?spm=a2h0j.11185381.bpmodule-playpage-righttitle.5~H2~A
B0000070,,https://list.youku.com/show/id_z816c7a660fa611e38b3f.html?spm=a2h0j.11185381.bpmodule-playpage-righttitle.5~H2~A
B0000071,,https://list.youku.com/show/id_z91641cc0f37d11e28b3f.html?spm=a2h0j.11185381.bpmodule-playpage-righttitle.5~H2~A
B0000072,,https://list.youku.com/show/id_z29b931a0fe6811e29abd.html?spm=a2h0j.11185381.bpmodule-playpage-righttitle.5~H2~A
B0000073,,https://list.youku.com/show/id_ze0cdadd2a24a11e2b16f.html?spm=a2h0j.11185381.bpmodule-playpage-righttitle.5~H2~A
B0000075,,https://list.youku.com/show/id_zacc952daf35711e28b3f.html?spm=a2h0j.11185381.bpmodule-playpage-righttitle.5~H2~A
B0000076,,https://list.youku.com/show/id_zac8eb57a201211e3b8b7.html?spm=a2h0j.11185381.bpmodule-playpage-righttitle.5~H2~A
B0000077,,https://list.youku.com/show/id_zec7504f676a111e38b3f.html?spm=a2h0j.11185381.bpmodule-playpage-righttitle.5~H2~A
B0000078,,https://list.youku.com/show/id_z7dabff26832511e38b3f.html?spm=a2h0j.11185381.bpmodule-playpage-righttitle.5~H2~A
B0000080,,https://list.youku.com/show/id_z509884a6bce811e0bf93.html?spm=a2h0j.11185381.bpmodule-playpage-righttitle.5~H2~A
B0000082,,https://list.youku.com/show/id_za5b3b6cc79a111e3b8b7.html?spm=a2h0j.11185381.bpmodule-playpage-righttitle.5~H2~A
B0000083,,https://list.youku.com/show/id_z485609e2832611e3b8b7.html?spm=a2h0j.11185381.bpmodule-playpage-righttitle.5~H2~A
B0000084,,https://list.youku.com/show/id_z6df3e0bc6ed511e3b8b7.html?spm=a2h0j.11185381.bpmodule-playpage-righttitle.5~H2~A
B0000085,,https://list.youku.com/show/id_z080898f83d4b11e38b3f.html?spm=a2h0j.11185381.bpmodule-playpage-righttitle.5~H2~A
B0000086,,https://list.youku.com/show/id_zcc145dae962411de83b1.html?spm=a2h0j.11185381.bpmodule-playpage-righttitle.5~H2~A
B0000088,,https://list.youku.com/show/id_zd84bcbc40a0c11e38b3f.html?spm=a2h0j.11185381.bpmodule-playpage-righttitle.5~H2~A
B0000089,,https://list.youku.com/show/id_z069d8668a5bf11e3a705.html?spm=a2h0j.11185381.bpmodule-playpage-righttitle.5~H2~A
B0000091,,https://list.youku.com/show/id_z11c6b62e3d2b11e38b3f.html?spm=a2h0j.11185381.bpmodule-playpage-righttitle.5~H2~A
B0000092,,https://list.youku.com/show/id_zacd8c8c826b411e4b8b7.html?spm=a2h0j.11185381.bpmodule-playpage-righttitle.5~H2~A
B0000093,,https://list.youku.com/show/id_z9147e10c78d111e38b3f.html?spm=a2h0j.11185381.bpmodule-playpage-righttitle.5~H2~A
B0000094,,https://list.youku.com/show/id_zbba28824817f11e3a705.html?spm=a2h0j.11185381.bpmodule-playpage-righttitle.5~H2~A
B0000095,,https://list.youku.com/show/id_z8ba6b3b87e4e11e3b8b7.html?spm=a2h0j.11185381.bpmodule-playpage-righttitle.5~H2~A
B0000096,,https://list.youku.com/show/id_z3b69fca8a9c211e3b8b7.html?spm=a2h0j.11185381.bpmodule-playpage-righttitle.5~H2~A
B0000097,,https://list.youku.com/show/id_zd00cb8d670f711e3b8b7.html?spm=a2h0j.11185381.bpmodule-playpage-righttitle.5~H2~A
B0000100,,https://list.youku.com/show/id_zee49d2a43d2411e38b3f.html?spm=a2h0j.11185381.bpmodule-playpage-righttitle.5~H2~A
B0000101,,https://list.youku.com/show/id_zfa265290661511e38b3f.html?spm=a2h0j.11185381.bpmodule-playpage-righttitle.5~H2~A
B0000102,,https://list.youku.com/show/id_z2f70e76ce16311e3a705.html?spm=a2h0j.11185381.bpmodule-playpage-righttitle.5~H2~A
B0000103,,https://list.youku.com/show/id_ze5cca6c8ab0d11e299f6.html?spm=a2h0j.11185381.bpmodule-playpage-righttitle.5~H2~A
B0000104,,https://list.youku.com/show/id_z4f65e3863c8811e38b3f.html?spm=a2h0j.11185381.bpmodule-playpage-righttitle.5~H2~A
B0000107,,https://list.youku.com/show/id_z918b8638fa8511e38b3f.html?spm=a2h0j.11185381.bpmodule-playpage-righttitle.5~H2~A
B0000108,,https://list.youku.com/show/id_z917be1a637a811e38b3f.html?spm=a2h0j.11185381.bpmodule-playpage-righttitle.5~H2~A
B0000109,,https://list.youku.com/show/id_z59a8ff6a908211e3a705.html?spm=a2h0j.11185381.bpmodule-playpage-righttitle.5~H2~A
B0000110,,https://list.youku.com/show/id_z34bf8a3a4dbf11e3a705.html?spm=a2h0j.11185381.bpmodule-playpage-righttitle.5~H2~A
B0000111,,https://list.youku.com/show/id_zd035b18a910711e296ac.html?spm=a2h0j.11185381.bpmodule-playpage-righttitle.5~H2~A
B0000113,,https://list.youku.com/show/id_z4b6a10a2cb5511e3b8b7.html?spm=a2h0j.11185381.bpmodule-playpage-righttitle.5~H2~A
B0000115,,https://list.youku.com/show/id_z1fc61a2622bd11e4a705.html?spm=a2h0j.11185381.bpmodule-playpage-righttitle.5~H2~A
B0000117,,https://list.youku.com/show/id_z6e1d9c763bdb11e4b2ad.html?spm=a2h0j.11185381.bpmodule-playpage-righttitle.5~H2~A
B0000119,,https://list.youku.com/show/id_z814ddd08cf4111e38b3f.html?spm=a2h0j.11185381.bpmodule-playpage-righttitle.5~H2~A
B0000120,,https://list.youku.com/show/id_z3b7abd68d67c11e3b8b7.html?spm=a2h0j.11185381.bpmodule-playpage-righttitle.5~H2~A
B0000121,,https://list.youku.com/show/id_za35fdf18d39b11e4b8e3.html?spm=a2h0j.11185381.bpmodule-playpage-righttitle.5~H2~A
B0000122,,https://list.youku.com/show/id_za803862414c711e5b2ad.html?spm=a2h0j.11185381.bpmodule-playpage-righttitle.5~H2~A
B0000123,,https://list.youku.com/show/id_z96538622751711e4b432.html?spm=a2h0j.11185381.bpmodule-playpage-righttitle.5~H2~A
B0000124,,https://list.youku.com/show/id_z9bbfdee4db4d11e3b8b7.html?spm=a2h0j.11185381.bpmodule-playpage-righttitle.5~H2~A
B0000125,,https://list.youku.com/show/id_z5389eca8996d11e4a080.html?spm=a2h0j.11185381.bpmodule-playpage-righttitle.5~H2~A
B0000126,,https://list.youku.com/show/id_z1c7f5a5880ec11e3a705.html?spm=a2h0j.11185381.bpmodule-playpage-righttitle.5~H2~A
B0000127,,https://list.youku.com/show/id_zeada7342708711e59e2a.html?spm=a2h0j.11185381.bpmodule-playpage-righttitle.5~H2~A
B0000128,,https://list.youku.com/show/id_zddc7ae4ecb5711e3a705.html?spm=a2h0j.11185381.bpmodule-playpage-righttitle.5~H2~A
B0000130,,https://list.youku.com/show/id_z37a93998f94011e4b692.html?spm=a2h0j.11185381.bpmodule-playpage-righttitle.5~H2~A
B0000131,,https://list.youku.com/show/id_z713561a01e0c11e5b2ad.html?spm=a2h0j.11185381.bpmodule-playpage-righttitle.5~H2~A
B0000132,,https://list.youku.com/show/id_z14cf6e04f52411e3b2ad.html?spm=a2h0j.11185381.bpmodule-playpage-righttitle.5~H2~A
B0000134,,https://list.youku.com/show/id_z3c742944cd5111e4b692.html?spm=a2h0j.11185381.bpmodule-playpage-righttitle.5~H2~A
B0000135,,https://list.youku.com/show/id_z1e183d686ba511e4a080.html?spm=a2h0j.11185381.bpmodule-playpage-righttitle.5~H2~A
B0000137,,https://list.youku.com/show/id_zed6b4c7497b811e4b522.html?spm=a2h0j.11185381.bpmodule-playpage-righttitle.5~H2~A
B0000138,,https://list.youku.com/show/id_zd056633617fa11e5b5ce.html?spm=a2h0j.11185381.bpmodule-playpage-righttitle.5~H2~A
B0000139,,https://list.youku.com/show/id_z780ffbcc97b511e3b8b7.html?spm=a2h0j.11185381.bpmodule-playpage-righttitle.5~H2~A
B0000140,,https://list.youku.com/show/id_z14dd3510564c11e3b8b7.html?spm=a2h0j.11185381.bpmodule-playpage-righttitle.5~H2~A
B0000141,,https://list.youku.com/show/id_z10e42ba6c60a11e4b522.html?spm=a2h0j.11185381.bpmodule-playpage-righttitle.5~H2~A
B0000142,,https://list.youku.com/show/id_z02769222f9b211e38b3f.html?spm=a2h0j.11185381.bpmodule-playpage-righttitle.5~H2~A
B0000143,,https://list.youku.com/show/id_z5a1b2d9c418911e59e2a.html?spm=a2h0j.11185381.bpmodule-playpage-righttitle.5~H2~A
B0000144,,https://list.youku.com/show/id_z0ac587aac3b811e4b692.html?spm=a2h0j.11185381.bpmodule-playpage-righttitle.5~H2~A
B0000145,,https://list.youku.com/show/id_zb3ba86ea0f4311e5b5ce.html?spm=a2h0j.11185381.bpmodule-playpage-righttitle.5~H2~A
B0000147,,https://list.youku.com/show/id_zb759a5d4791111e3b8b7.html?spm=a2h0j.11185381.bpmodule-playpage-righttitle.5~H2~A
B0000149,,https://list.youku.com/show/id_zba7c5304722311e4abda.html?spm=a2h0j.11185381.bpmodule-playpage-righttitle.5~H2~A
B0000150,,https://list.youku.com/show/id_zd3344b7afc5011e38b3f.html?spm=a2h0j.11185381.bpmodule-playpage-righttitle.5~H2~A
B0000151,,https://list.youku.com/show/id_z239283364ee211e5a080.html?spm=a2h0j.11185381.bpmodule-playpage-righttitle.5~H2~A
B0000152,,https://list.youku.com/show/id_z6b176210ac2d11e4a080.html?spm=a2h0j.11185381.bpmodule-playpage-righttitle.5~H2~A
B0000153,,https://list.youku.com/show/id_z359513b6fdff11e4b5ce.html?spm=a2h0j.11185381.bpmodule-playpage-righttitle.5~H2~A
B0000154,,https://list.youku.com/show/id_z967335909de911e3a705.html?spm=a2h0j.11185381.bpmodule-playpage-righttitle.5~H2~A
B0000155,,https://list.youku.com/show/id_z543542d0620311e3b8b7.html?spm=a2h0j.11185381.bpmodule-playpage-righttitle.5~H2~A
B0000156,,https://list.youku.com/show/id_z68c42e0adf2a11e4abda.html?spm=a2h0j.11185381.bpmodule-playpage-righttitle.5~H2~A
B0000157,,https://list.youku.com/show/id_z119d1f2ad8e411e4a080.html?spm=a2h0j.11185381.bpmodule-playpage-righttitle.5~H2~A
B0000158,,https://list.youku.com/show/id_z91cc99c42b9a11e5b5ce.html?spm=a2h0j.11185381.bpmodule-playpage-righttitle.5~H2~A
B0000159,,https://list.youku.com/show/id_z759474c6d1f311e4b432.html?spm=a2h0j.11185381.bpmodule-playpage-righttitle.5~H2~A
B0000160,,https://list.youku.com/show/id_z475341407a8d11e4abda.html?spm=a2h0j.11185381.bpmodule-playpage-righttitle.5~H2~A
B0000161,,https://list.youku.com/show/id_z64cc8ffcf76011e3a705.html?spm=a2h0j.11185381.bpmodule-playpage-righttitle.5~H2~A
B0000162,,https://list.youku.com/show/id_zf6be465404e211e5b432.html?spm=a2h0j.11185381.bpmodule-playpage-righttitle.5~H2~A
B0000164,,https://list.youku.com/show/id_z9522fa58c3d711e4b432.html?spm=a2h0j.11185381.bpmodule-playpage-righttitle.5~H2~A
B0000165,,https://list.youku.com/show/id_z28d5b8f0bceb11e0bf93.html?spm=a2h0j.11185381.bpmodule-playpage-righttitle.5~H2~A
B0000166,,https://list.youku.com/show/id_z9d984934e26a11e4b5ce.html?spm=a2h0j.11185381.bpmodule-playpage-righttitle.5~H2~A
B0000167,,https://list.youku.com/show/id_zf988399c0e7611e5abda.html?spm=a2h0j.11185381.bpmodule-playpage-righttitle.5~H2~A
B0000169,,https://list.youku.com/show/id_z76e66bb47e7911e38b3f.html?spm=a2h0j.11185381.bpmodule-playpage-righttitle.5~H2~A
B0000170,,https://list.youku.com/show/id_zd400d776832911e3a705.html?spm=a2h0j.11185381.bpmodule-playpage-righttitle.5~H2~A
B0000173,,https://list.youku.com/show/id_zd3880f42601011e5b5ce.html?spm=a2h0j.11185381.bpmodule-playpage-righttitle.5~H2~A
B0000174,,https://list.youku.com/show/id_zebb785007e7811e38b3f.html?spm=a2h0j.11185381.bpmodule-playpage-righttitle.5~H2~A
B0000175,,https://list.youku.com/show/id_zdb041f78f1d411e3a705.html?spm=a2h0j.11185381.bpmodule-playpage-righttitle.5~H2~A
B0000176,,https://list.youku.com/show/id_z608b3436e24f11e4b432.html?spm=a2h0j.11185381.bpmodule-playpage-righttitle.5~H2~A
B0000178,,https://list.youku.com/show/id_zdd0decc2044811e5b5ce.html?spm=a2h0j.11185381.bpmodule-playpage-righttitle.5~H2~A
B0000179,,https://list.youku.com/show/id_z322b3518986411e38b3f.html?spm=a2h0j.11185381.bpmodule-playpage-righttitle.5~H2~A
B0000180,,https://list.youku.com/show/id_zf30366003b7011e69b6d.html?spm=a2h0j.11185381.bpmodule-playpage-righttitle.5~H2~A
B0000181,,https://list.youku.com/show/id_z3d4b0d5610d111e5b692.html?spm=a2h0j.11185381.bpmodule-playpage-righttitle.5~H2~A
B0000182,,https://list.youku.com/show/id_za25fd19459e811e5b522.html?spm=a2h0j.11185381.bpmodule-playpage-righttitle.5~H2~A
B0000183,,https://list.youku.com/show/id_z13721d4a381b11e6b432.html?spm=a2h0j.11185381.bpmodule-playpage-righttitle.5~H2~A
B0000184,,https://list.youku.com/show/id_zcf2b773cff9c11e5b432.html?spm=a2h0j.11185381.bpmodule-playpage-righttitle.5~H2~A
B0000186,,https://list.youku.com/show/id_z94c723e4768111e3a705.html?spm=a2h0j.11185381.bpmodule-playpage-righttitle.5~H2~A
B0000187,,https://list.youku.com/show/id_z8eaef0823cd011e69b6d.html?spm=a2h0j.11185381.bpmodule-playpage-righttitle.5~H2~A
B0000188,,https://list.youku.com/show/id_z84f2392aaecb11e5a080.html?spm=a2h0j.11185381.bpmodule-playpage-righttitle.5~H2~A
B0000189,,https://list.youku.com/show/id_z59f2a9d4044f11e59e2a.html?spm=a2h0j.11185381.bpmodule-playpage-righttitle.5~H2~A
B0000190,,https://list.youku.com/show/id_z4fefa4ba2d1f11e6b2ad.html?spm=a2h0j.11185381.bpmodule-playpage-righttitle.5~H2~A
B0000191,,https://list.youku.com/show/id_z6aee3be0e9af11e5b32f.html?spm=a2h0j.11185381.bpmodule-playpage-righttitle.5~H2~A
B0000192,,https://list.youku.com/show/id_zc088c301a22f11e68fae.html?spm=a2h0j.11185381.bpmodule-playpage-righttitle.5~H2~A
B0000193,,https://list.youku.com/show/id_zcb4582f4f72011e5a080.html?spm=a2h0j.11185381.bpmodule-playpage-righttitle.5~H2~A
B0000194,,https://list.youku.com/show/id_za3b10e60bce811e0bf93.html?spm=a2h0j.11185381.bpmodule-playpage-righttitle.5~H2~A
B0000195,,https://list.youku.com/show/id_z5affde3ce25811e4b432.html?spm=a2h0j.11185381.bpmodule-playpage-righttitle.5~H2~A
B0000196,,https://list.youku.com/show/id_zf3b69d90925311e5b522.html?spm=a2h0j.11185381.bpmodule-playpage-righttitle.5~H2~A
B0000197,,https://list.youku.com/show/id_z3302e9f2e25711e4b432.html?spm=a2h0j.11185381.bpmodule-playpage-righttitle.5~H2~A
B0000198,,https://list.youku.com/show/id_z87b1cd94e26e11e4a080.html?spm=a2h0j.11185381.bpmodule-playpage-righttitle.5~H2~A
B0000202,,https://list.youku.com/show/id_z6d197a20be6111e5b432.html?spm=a2h0j.11185381.bpmodule-playpage-righttitle.5~H2~A
B0000206,,https://list.youku.com/show/id_zfadcc654aecc11e5b2ad.html?spm=a2h0j.11185381.bpmodule-playpage-righttitle.5~H2~A
B0000210,,https://list.youku.com/show/id_z311615b231d311e5b432.html?spm=a2h0j.11185381.bpmodule-playpage-righttitle.5~H2~A
B0000211,,https://list.youku.com/show/id_zcb945eb0bdaa11e59e2a.html?spm=a2h0j.11185381.bpmodule-playpage-righttitle.5~H2~A
B0000215,,https://list.youku.com/show/id_z92d6ad9a806711e6b9bb.html?spm=a2h0j.11185381.bpmodule-playpage-righttitle.5~H2~A
B0000217,,https://list.youku.com/show/id_z380bd6bcaea211e589e3.html?spm=a2h0j.11185381.bpmodule-playpage-righttitle.5~H2~A
B0000219,,https://list.youku.com/show/id_z15148b1efdfd11e4b692.html?spm=a2h0j.11185381.bpmodule-playpage-righttitle.5~H2~A
B0000229,,https://list.youku.com/show/id_z9b3d6f08aec411e5b522.html?spm=a2h0j.11185381.bpmodule-playpage-righttitle.5~H2~A
B0000230,,https://list.youku.com/show/id_zac2160e8c94d11e4b432.html?spm=a2h0j.11185381.bpmodule-playpage-righttitle.5~H2~A
B0000234,,https://list.youku.com/show/id_z010a386e244811e5b2ad.html?spm=a2h0j.11185381.bpmodule-playpage-righttitle.5~H2~A
B0000235,,https://list.youku.com/show/id_z26752cc61bd211e6b432.html?spm=a2h0j.11185381.bpmodule-playpage-righttitle.5~H2~A
B0000238,,https://list.youku.com/show/id_z90cc714bb6a811e6967c.html
B0000239,,https://list.youku.com/show/id_z3eefbfbd09383c6e11ef.html
B0000240,,https://list.youku.com/show/id_z3b10efbfbd40efbfbdef.html
B0000241,,https://list.youku.com/show/id_zefbfbd251336efbfbdef.html
B0000242,,https://list.youku.com/show/id_zefbfbd520cefbfbd6774.html?spm=a2h0j.11185381.bpmodule-playpage-righttitle.5~H2~A
B0000243,,https://list.youku.com/show/id_z755f92ea883811e1b16f.html
B0000246,,https://list.youku.com/show/id_z18f58f2ed30a11e6acec.html
B0000247,,https://list.youku.com/show/id_z17efbfbd55727111efbf.html
B0000250,,https://list.youku.com/show/id_z1c1105345b0c11efbfbd.html?spm=a2h0j.11185381.bpmodule-playpage-righttitle.5~H2~A
B0000251,,https://list.youku.com/show/id_zefbfbd03efbfbd0771ef.html?spm=a2h0j.11185381.bpmodule-playpage-righttitle.5~H2~A
B0000254,,https://list.youku.com/show/id_z2cefbfbd6618efbfbd7b.html
B0000256,,https://list.youku.com/show/id_z88855055a64e11e6b16e.html
B0000258,,https://list.youku.com/show/id_zbc2a0ca1a64b11e6b9bb.html?spm=a2h0j.11185381.bpmodule-playpage-righttitle.5~H2~A
B0000260,,https://list.youku.com/show/id_z3befbfbd1befbfbdcd9a.html
B0000263,,https://list.youku.com/show/id_z4a538ac2ecdd11e6b9bb.html?spm=a2h0j.11185381.bpmodule-playpage-righttitle.5~H2~A
B0000264,,https://list.youku.com/show/id_z065c3e354f3611efbfbd.html
B0000266,,https://list.youku.com/show/id_zefbfbd075d090fefbfbd.html
B0000268,,https://list.youku.com/show/id_z4e530f68efbfbd1a11ef.html?spm=a2h0j.11185381.bpmodule-playpage-righttitle.5~H2~A
B0000269,,https://list.youku.com/show/id_z5e61efbfbd0cefbfbd36.html
B0000271,,https://list.youku.com/show/id_z79efbfbd5befbfbdefbf.html
B0000272,,https://list.youku.com/show/id_z5870643eefbfbdefbfbd.html
B0000273,,https://list.youku.com/show/id_z241272e6a6f311e6bdbb.html?spm=a2h0j.11185381.bpmodule-playpage-righttitle.5~H2~A
B0000275,,https://list.youku.com/show/id_z74577a23e13f11e69e06.html?spm=a2h0j.11185381.bpmodule-playpage-righttitle.5~H2~A
B0000278,,https://list.youku.com/show/id_z4b3b72efbfbd190d11ef.html?spm=a2h0j.11185381.bpmodule-playpage-righttitle.5~H2~A
B0000279,,https://list.youku.com/show/id_z48337befbfbdefbfbd34.html?spm=a2h0j.11185381.bpmodule-playpage-righttitle.5~H2~A
B0000280,,https://list.youku.com/show/id_zc9a338efbfbd4b5111ef.html?spm=a2h0j.11185381.bpmodule-playpage-righttitle.5~H2~A
B0000282,,https://list.youku.com/show/id_z44d2e1904a6211e69e2a.html?spm=a2h0j.11185381.bpmodule-playpage-righttitle.5~H2~A
B0000283,,https://list.youku.com/show/id_z5aefbfbdefbfbd624837.html?spm=a2h0j.11185381.bpmodule-playpage-righttitle.5~H2~A
B0000284,,https://list.youku.com/show/id_zefbfbd303651473c11ef.html?spm=a2h0j.11185381.bpmodule-playpage-righttitle.5~H2~A
B0000285,,https://list.youku.com/show/id_zefbfbdefbfbd3d6e75ef.html
B0000286,,https://list.youku.com/show/id_z71650fefbfbd483811e7.html?spm=a2h0j.11185381.bpmodule-playpage-righttitle.5~H2~A
B0000287,,https://list.youku.com/show/id_z302637c3a6ef11e69e06.html
B0000288,,https://list.youku.com/show/id_zefbfbdefbfbddb9c0d65.html
B0000289,,https://list.youku.com/show/id_z275c1c64f22c11e59e2a.html?spm=a2h0j.11185381.bpmodule-playpage-righttitle.5~H2~A
B0000290,,https://list.youku.com/show/id_zefbfbd1a4defbfbdefbf.html?spm=a2h0j.11185381.bpmodule-playpage-righttitle.5~H2~A
B0000293,,https://list.youku.com/show/id_z3f6cdd9eefbfbd2911ef.html?spm=a2h0j.11185381.bpmodule-playpage-righttitle.5~H2~A
B0000294,,https://list.youku.com/show/id_z3f45690d484411efbfbd.html?spm=a2h0j.11185381.bpmodule-playpage-righttitle.5~H2~A
B0000295,,https://list.youku.com/show/id_zefbfbdefbfbd21efbfbd.html?spm=a2h0j.11185381.bpmodule-playpage-righttitle.5~H2~A
B0000298,,https://list.youku.com/show/id_z9029a6acaa2511e5b2ad.html?spm=a2h0j.11185381.bpmodule-playpage-righttitle.5~H2~A
B0000299,,https://list.youku.com/show/id_z5a6fefbfbd5b00efbfbd.html?spm=a2h0j.11185381.bpmodule-playpage-righttitle.5~H2~A
B0000302,,https://list.youku.com/show/id_z7f7a0bf8052011e5b5ce.html?spm=a2h0j.11185381.bpmodule-playpage-righttitle.5~H2~A
B0000305,,https://list.youku.com/show/id_zda06f04abcea11e0bf93.html
B0000307,,https://list.youku.com/show/id_z4a37eeb7a2efbfbd11ef.html?spm=a2h0j.11185381.bpmodule-playpage-righttitle.5~H2~A
B0000308,,https://list.youku.com/show/id_zefbfbd30efbfbd4aefbf.html
B0000310,,https://list.youku.com/show/id_zefbfbd742916efbfbdef.html?spm=a2h0j.11185381.bpmodule-playpage-righttitle.5~H2~A
B0000311,,https://list.youku.com/show/id_z1000488218e811e69e2a.html?spm=a2h0j.11185381.bpmodule-playpage-righttitle.5~H2~A
B0000312,,https://list.youku.com/show/id_zefbfbd7eefbfbd44efbf.html
B0000318,,https://list.youku.com/show/id_zefbfbd1b6563efbfbdef.html
B0000319,,https://list.youku.com/show/id_zefbfbd593618565711ef.html?spm=a2h0j.11185381.bpmodule-playpage-righttitle.5~H2~A
B0000320,,https://list.youku.com/show/id_z0b27d1f46e5011e69c81.html?spm=a2h0j.11185381.bpmodule-playpage-righttitle.5~H2~A
B0000321,,https://list.youku.com/show/id_z831ea876e25411e3a705.html?spm=a2h0j.11185381.bpmodule-playpage-righttitle.5~H2~A
B0000322,,https://list.youku.com/show/id_zefbfbdefbfbd737f57ef.html?spm=a2h0j.11185381.bpmodule-playpage-righttitle.5~H2~A
B0000326,,https://list.youku.com/show/id_z2574efbfbd0aefbfbdef.html
B0000327,,https://list.youku.com/show/id_z160ac6bb0c7811efbfbd.html
B0000330,,https://list.youku.com/show/id_z07444768efbfbdefbfbd.html?spm=a2h0j.11185381.bpmodule-playpage-righttitle.5~H2~A
B0000332,,https://list.youku.com/show/id_zefbfbdefbfbdefbfbd01.html?spm=a2h0j.11185381.bpmodule-playpage-righttitle.5~H2~A
B0000333,,https://list.youku.com/show/id_z7c37a19ee59911e5a080.html
B0000334,,https://list.youku.com/show/id_z03efbfbdefbfbd5f1aef.html?spm=a2h0j.11185381.bpmodule-playpage-righttitle.5~H2~A
B0000338,,https://list.youku.com/show/id_zefbfbd047c55efbfbdef.html?spm=a2h0j.11185381.bpmodule-playpage-righttitle.5~H2~A
B0000339,,https://list.youku.com/show/id_z11bea6daad414c80b446.html
B0000340,,https://list.youku.com/show/id_z426213efbfbd6d5a11ef.html
B0000341,,https://list.youku.com/show/id_z9679dfa1d7a211e6967c.html?spm=a2h0j.11185381.bpmodule-playpage-righttitle.5~H2~A
B0000342,,https://list.youku.com/show/id_z03efbfbd4930efbfbdef.html?spm=a2h0j.11185381.bpmodule-playpage-righttitle.5~H2~A
B0000343,,https://list.youku.com/show/id_zefbfbdefbfbd63130246.html?spm=a2h0j.11185381.bpmodule-playpage-righttitle.5~H2~A
B0000344,,https://list.youku.com/show/id_z6b6136efbfbdefbfbd55.html
B0000346,,https://list.youku.com/show/id_z53efbfbd2befbfbd5aef.html
B0000349,,https://list.youku.com/show/id_zefbfbd74efbfbd43024a.html?spm=a2h0j.11185381.bpmodule-playpage-righttitle.5~H2~A
B0000352,,https://list.youku.com/show/id_zaeda2a9474474c2e9a7c.html?spm=a2h0j.11185381.bpmodule-playpage-righttitle.5~H2~A
B0000358,,https://list.youku.com/show/id_zefbfbdefbfbd23e588a5.html?spm=a2h0j.11185381.bpmodule-playpage-righttitle.5~H2~A
B0000361,,https://list.youku.com/show/id_zefbfbd3c7a24562c11ef.html?spm=a2h0j.11185381.bpmodule-playpage-righttitle.5~H2~A
B0000364,,https://list.youku.com/show/id_z54efbfbdefbfbd6207ef.html
B0000372,,https://list.youku.com/show/id_zdef72edd861b11e69c81.html
B0000393,,https://list.youku.com/show/id_zf1f4ecdd8baf4ddbae5f.html
B0000396,,https://list.youku.com/show/id_z2e53efbfbd06efbfbd5b.html
B0000397,,https://list.youku.com/show/id_zefbfbd7f38efbfbdefbf.html
B0000398,,https://list.youku.com/show/id_z05258613ce1a49838d77.html
B0000400,,http://list.youku.com/show/id_z5defbfbdefbfbdc38361.html
B0000401,,https://list.youku.com/show/id_z53ebfa881c074bcd9fe0.html
B0000407,,http://list.youku.com/show/id_zefbfbdefbfbd3b6fefbf.html?spm=a2h0k.11417342.soresults.ddetail
B0000409,,http://list.youku.com/show/id_z58b439f84f744e8184b0.html?spm=a2h0k.11417342.soresults.ddetail
B0000412,,http://list.youku.com/show/id_z46ca6b08bb91431ba815.html?spm=a2h0k.11417342.soresults.ddetail
B0000417,,http://list.youku.com/show/id_zd1dd040b71d448e7a787.html?spm=a2h0k.11417342.soresults.ddetail
B0000424,,http://list.youku.com/show/id_z337726130fefbfbd11ef.html?spm=a2h0k.11417342.soresults.ddetail
B0000426,,http://list.youku.com/show/id_zefbfbdecb0b5efbfbd05.html?spm=a2h0k.11417342.soresults.ddetail
C0000008,,https://list.youku.com/show/id_zf392a4e83f4611e2a19e.html?spm=a2h0j.11185381.bpmodule-playpage-righttitle.5~H2~A
C0000009,,https://list.youku.com/show/id_zb5d43990478311df97c0.html?spm=a2h0j.11185381.bpmodule-playpage-righttitle.5~H2~A
C0000011,,https://list.youku.com/show/id_zf8340d2a61ad11e0bea1.html?spm=a2h0j.11185381.bpmodule-playpage-righttitle.5~H2~A
C0000012,,https://list.youku.com/show/id_z1a6c551e478311df97c0.html?spm=a2h0j.11185381.bpmodule-playpage-righttitle.5~H2~A
C0000015,,https://list.youku.com/show/id_zc274c0cae17611de97c0.html?spm=a2h0j.11185381.bpmodule-playpage-righttitle.5~H2~A
C0000018,,https://list.youku.com/show/id_zfd62858861ad11e0bea1.html?spm=a2h0j.11185381.bpmodule-playpage-righttitle.5~H2~A
C0000019,,https://list.youku.com/show/id_za9b2cfb207a911e2b356.html?spm=a2h0j.11185381.bpmodule-playpage-righttitle.5~H2~A
C0000020,,https://list.youku.com/show/id_zd46ff104c23a11e0a046.html?spm=a2h0j.11185381.bpmodule-playpage-righttitle.5~H2~A
C0000021,,https://list.youku.com/show/id_ze52767a4f59511e19498.html?spm=a2h0j.11185381.bpmodule-playpage-righttitle.5~H2~A
C0000023,,https://list.youku.com/show/id_zb4f7b40c3f1b11e1b356.html?spm=a2h0j.11185381.bpmodule-playpage-righttitle.5~H2~A
C0000026,,https://list.youku.com/show/id_z02baa1f0cbcf11e19013.html?spm=a2h0j.11185381.bpmodule-playpage-righttitle.5~H2~A
C0000027,,https://list.youku.com/show/id_zdc7c97fab70d11df97c0.html?spm=a2h0j.11185381.bpmodule-playpage-righttitle.5~H2~A
C0000031,,https://list.youku.com/show/id_zfa1d2a4061ad11e0bea1.html?spm=a2h0j.11185381.bpmodule-playpage-righttitle.5~H2~A
C0000032,,https://list.youku.com/show/id_ze6fefdc461cc11e1b356.html?spm=a2h0j.11185381.bpmodule-playpage-righttitle.5~H2~A
C0000033,,https://list.youku.com/show/id_z2aca19280ce511e097c0.html?spm=a2h0j.11185381.bpmodule-playpage-righttitle.5~H2~A
C0000034,,https://list.youku.com/show/id_zb64019caea7011e19498.html?spm=a2h0j.11185381.bpmodule-playpage-righttitle.5~H2~A
C0000035,,https://list.youku.com/show/id_zde4c5602117611e4b2ad.html?spm=a2h0j.11185381.bpmodule-playpage-righttitle.5~H2~A
C0000037,,https://list.youku.com/show/id_z7008392a3a6711e097c0.html?spm=a2h0j.11185381.bpmodule-playpage-righttitle.5~H2~A
C0000043,,https://list.youku.com/show/id_z532e297630ab11e3a705.html?spm=a2h0j.11185381.bpmodule-playpage-righttitle.5~H2~A
C0000045,,https://list.youku.com/show/id_z392f2e9cc4de11e19013.html?spm=a2h0j.11185381.bpmodule-playpage-righttitle.5~H2~A
C0000047,,https://list.youku.com/show/id_z8b2f6316e79511de97c0.html?spm=a2h0j.11185381.bpmodule-playpage-righttitle.5~H2~A
C0000048,,https://list.youku.com/show/id_zf8d5bbde61ad11e0bea1.html?spm=a2h0j.11185381.bpmodule-playpage-righttitle.5~H2~A
C0000049,,http://list.youku.com/show/id_zf8d6297a61ad11e0bea1.html?spm=a2h0k.11417342.soresults.ddetail
C0000050,,http://list.youku.com/show/id_zcf8e1c34f17d11e0a046.html?spm=a2h0k.11417342.soresults.ddetail
C0000052,,https://list.youku.com/show/id_zd65a3b82b61c11e2b356.html?spm=a2h0j.11185381.bpmodule-playpage-righttitle.5~H2~A
C0000053,,https://list.youku.com/show/id_z7dbb9fb00ce711e097c0.html?spm=a2h0j.11185381.bpmodule-playpage-righttitle.5~H2~A
C0000055,,http://list.youku.com/show/id_ze72094c4ac3e11df97c0.html?spm=a2h0k.11417342.soresults.ddetail
C0000056,,http://list.youku.com/show/id_z8740fa70ac3f11df97c0.html?spm=a2h0k.11417342.soresults.ddetail
C0000057,,http://list.youku.com/show/id_zc8c577c8443b11e2b16f.html?spm=a2h0k.11417342.soresults.ddetail
C0000058,,http://list.youku.com/show/id_z8d357c2e7bdd11e296ac.html?spm=a2h0k.11417342.soresults.ddetail
C0000061,,http://list.youku.com/show/id_z45ba9f4259e711e0a046.html?spm=a2h0k.11417342.soresults.ddetail
C0000062,,http://list.youku.com/show/id_z55b394aee98311e0a046.html?spm=a2h0k.11417342.soresults.ddetail
C0000063,,http://list.youku.com/show/id_z2303d3405df311e19498.html?spm=a2h0k.11417342.soresults.ddetail
C0000064,,http://list.youku.com/show/id_z0695c39a038d11e296ac.html?spm=a2h0k.11417342.soresults.ddetail
C0000066,,https://list.youku.com/show/id_zefbfbdefbfbd16d0ba37.html?spm=a2h0j.11185381.bpmodule-playpage-righttitle.5~H2~A
C0000069,,https://list.youku.com/show/id_z78db1b30e79811de97c0.html?spm=a2h0j.11185381.bpmodule-playpage-righttitle.5~H2~A
C0000070,,https://list.youku.com/show/id_za7f6d45c764911e2b2ac.html?spm=a2h0j.11185381.bpmodule-playpage-righttitle.5~H2~A
C0000072,,https://list.youku.com/show/id_z52f60e3e421111e38b3f.html?spm=a2h0j.11185381.bpmodule-playpage-righttitle.5~H2~A
C0000073,,https://list.youku.com/show/id_z780bbfe66d0611e38b3f.html?spm=a2h0j.11185381.bpmodule-playpage-righttitle.5~H2~A
C0000074,,http://list.youku.com/show/id_z04fb21b05e2c11e38b3f.html?tpa=dW5pb25faWQ9MTAzNzUzXzEwMDAwMV8wMV8wMQ&refer=baiduald1705
C0000075,,https://list.youku.com/show/id_zd227afe2764b11e2a19e.html?spm=a2h0j.11185381.bpmodule-playpage-righttitle.5~H2~A
C0000082,,http://list.youku.com/show/id_z9b7ecaec5ad111e296ac.html?tpa=dW5pb25faWQ9MTAzNzUzXzEwMDAwMV8wMV8wMQ&refer=baiduald1705
C0000083,,http://list.youku.com/show/id_ze2b61c6e1f8711e3a705.html?tpa=dW5pb25faWQ9MTAzNzUzXzEwMDAwMV8wMV8wMQ&refer=baiduald1705
C0000084,,http://list.youku.com/show/id_z11caad74977211e2b16f.html?tpa=dW5pb25faWQ9MTAzNzUzXzEwMDAwMV8wMV8wMQ&refer=baiduald1705
C0000085,,http://list.youku.com/show/id_z1f6f953ebc9311e2b16f.html?tpa=dW5pb25faWQ9MTAzNzUzXzEwMDAwMV8wMV8wMQ&refer=baiduald1705
C0000086,,http://list.youku.com/show/id_z568de22c5baa11e2b2ac.html?tpa=dW5pb25faWQ9MTAzNzUzXzEwMDAwMV8wMV8wMQ&refer=baiduald1705
C0000093,,http://list.youku.com/show/id_z10a3616e678a11e38b3f.html
C0000095,,http://list.youku.com/show/id_ze8fe91fa653c11e3a705.html
C0000098,,http://list.youku.com/show/id_z8645ed6e99cc11e3b8b7.html?tpa=dW5pb25faWQ9MTAzNzUzXzEwMDAwMV8wMV8wMQ&refer=baiduald1705
C0000099,,http://list.youku.com/show/id_z27933ac8b62011e2a19e.html
C0000104,,https://list.youku.com/show/id_zfe44d3302cbf11e4b8b7.html?spm=a2h0j.11185381.bpmodule-playpage-righttitle.5~H2~A
C0000114,,http://list.youku.com/show/id_z1168b96a853a11e2b2ac.html?tpa=dW5pb25faWQ9MTAzNzUzXzEwMDAwMV8wMV8wMQ&refer=baiduald1705
C0000115,,http://list.youku.com/show/id_ze5c0be566f4611e2a19e.html?tpa=dW5pb25faWQ9MTAzNzUzXzEwMDAwMV8wMV8wMQ&refer=baiduald1705
C0000117,,http://list.youku.com/show/id_z8a6dd99804d411e3a705.html
C0000120,,http://list.youku.com/show/id_zada8e40cc53b11e3b8b7.html
C0000121,,https://list.youku.com/show/id_z32237eea9f8511e3b8b7.html?spm=a2h0j.11185381.bpmodule-playpage-righttitle.5~H2~A
C0000122,,http://list.youku.com/show/id_z030f174286ec11e3a705.html
C0000123,,http://list.youku.com/show/id_z066dd65a73b611e4b522.html?tpa=dW5pb25faWQ9MTAzNzUzXzEwMDAwMV8wMV8wMQ
C0000124,,http://list.youku.com/show/id_z9a8e9ba0605611e2a19e.html?tpa=dW5pb25faWQ9MTAzNzUzXzEwMDAwMV8wMV8wMQ&refer=baiduald1705
C0000135,,http://list.youku.com/show/id_zcdbbe43e761511e4b2ad.html?tpa=dW5pb25faWQ9MTAzNzUzXzEwMDAwMV8wMV8wMQ&refer=baiduald1705
C0000137,,http://list.youku.com/show/id_ze9bd9766e00311e3a705.html?tpa=dW5pb25faWQ9MTAzNzUzXzEwMDAwMV8wMV8wMQ&refer=baiduald1705
C0000139,,http://list.youku.com/show/id_zfff7937e61ad11e0bea1.html?tpa=dW5pb25faWQ9MTAzNzUzXzEwMDAwMV8wMV8wMQ&refer=baiduald1705
C0000144,,https://list.youku.com/show/id_z2d8eaf95763011e6bdbb.html?spm=a2h0j.11185381.bpmodule-playpage-righttitle.5~H2~A
C0000149,,https://list.youku.com/show/id_zbb6aefd2ec9011e38b3f.html?spm=a2h0j.11185381.bpmodule-playpage-righttitle.5~H2~A
C0000150,,http://list.youku.com/show/id_z96a419fa977011e3a705.html
C0000152,,http://list.youku.com/show/id_z2fc349f4a01711e3a705.html?tpa=dW5pb25faWQ9MTAzNzUzXzEwMDAwMV8wMV8wMQ
C0000153,,https://list.youku.com/show/id_z4b6a10a2cb5511e3b8b7.html?spm=a2h0j.11185381.bpmodule-playpage-righttitle.5~H2~A
C0000154,,http://list.youku.com/show/id_z2400a734823e11e3b8b7.html
C0000157,,http://list.youku.com/show/id_z76b69a0cf42f11e3a705.html
C0000158,,https://list.youku.com/show/id_ze5cca6c8ab0d11e299f6.html?spm=a2h0j.11185381.bpmodule-playpage-righttitle.5~H2~A
C0000160,,http://list.youku.com/show/id_z96fae3f699ce11e3a705.html?tpa=dW5pb25faWQ9MTAzNzUzXzEwMDAwMV8wMV8wMQ&refer=baiduald1705
C0000162,,https://list.youku.com/show/id_z918b8638fa8511e38b3f.html?spm=a2h0j.11185381.bpmodule-playpage-righttitle.5~H2~A
C0000166,,http://list.youku.com/show/id_za31a4672afd611e38b3f.html?tpa=dW5pb25faWQ9MTAzNzUzXzEwMDAwMV8wMV8wMQ&refer=baiduald1705
C0000168,,http://list.youku.com/show/id_z5ebc14e03a3911e4b2ad.html?tpa=dW5pb25faWQ9MTAzNzUzXzEwMDAwMV8wMV8wMQ&refer=baiduald1705
C0000172,,http://list.youku.com/show/id_z00612e5829fd11e5b692.html?tpa=dW5pb25faWQ9MTAzNzUzXzEwMDAwMV8wMV8wMQ&refer=baiduald1705
C0000175,,http://list.youku.com/show/id_zba6f37fe09af11e59e2a.html?tpa=dW5pb25faWQ9MTAzNzUzXzEwMDAwMV8wMV8wMQ&refer=baiduald1705
C0000179,,http://list.youku.com/show/id_z085a6fa0a9de11e59e2a.html?tpa=dW5pb25faWQ9MTAzNzUzXzEwMDAwMV8wMV8wMQ&refer=baiduald1705
C0000180,,http://list.youku.com/show/id_z92eb4d34c7ac11e4abda.html?tpa=dW5pb25faWQ9MTAzNzUzXzEwMDAwMV8wMV8wMQ&refer=baiduald1705
C0000181,,http://list.youku.com/show/id_zc0e0cd064c5711e5b692.html?tpa=dW5pb25faWQ9MTAzNzUzXzEwMDAwMV8wMV8wMQ
C0000184,,http://list.youku.com/show/id_z4e9dd072438911e4b2ad.html?tpa=dW5pb25faWQ9MTAzNzUzXzEwMDAwMV8wMV8wMQ&refer=baiduald1705
C0000188,,http://list.youku.com/show/id_zf2dd6baa341811e4a080.html?tpa=dW5pb25faWQ9MTAzNzUzXzEwMDAwMV8wMV8wMQ&refer=baiduald1705
C0000189,,http://list.youku.com/show/id_z6517bada989111e5b692.html?tpa=dW5pb25faWQ9MTAzNzUzXzEwMDAwMV8wMV8wMQ&refer=baiduald1705
C0000190,,http://list.youku.com/show/id_ze6b400a4d9dc11e49e2a.html
C0000191,,http://list.youku.com/show/id_z1651b68e030211e38b3f.html?tpa=dW5pb25faWQ9MTAzNzUzXzEwMDAwMV8wMV8wMQ&refer=baiduald1705
C0000198,,http://list.youku.com/show/id_z812c8c92365c11e5b522.html?tpa=dW5pb25faWQ9MTAzNzUzXzEwMDAwMV8wMV8wMQ&refer=baiduald1705
C0000199,,http://list.youku.com/show/id_zf7539d2e8a6d11e5b2ad.html?tpa=dW5pb25faWQ9MTAzNzUzXzEwMDAwMV8wMV8wMQ&refer=baiduald1705
C0000205,,http://list.youku.com/show/id_zc7e38a94b0f311e4abda.html
C0000211,,http://list.youku.com/show/id_z65982438a5ec11e4b522.html?tpa=dW5pb25faWQ9MTAzNzUzXzEwMDAwMV8wMV8wMQ
C0000218,,http://list.youku.com/show/id_z912d869eed4311e4b432.html?tpa=dW5pb25faWQ9MTAzNzUzXzEwMDAwMV8wMV8wMQ&refer=baiduald1705
C0000219,,http://list.youku.com/show/id_za092fa543ef711e69e2a.html?tpa=dW5pb25faWQ9MTAzNzUzXzEwMDAwMV8wMV8wMQ&refer=baiduald1705
C0000220,,http://list.youku.com/show/id_z440609eae5f311e1a19e.html?tpa=dW5pb25faWQ9MTAzNzUzXzEwMDAwMV8wMV8wMQ
C0000221,,http://list.youku.com/show/id_z19fb682200fb11e59e2a.html?tpa=dW5pb25faWQ9MTAzNzUzXzEwMDAwMV8wMV8wMQ
C0000235,,http://list.youku.com/show/id_za79dcec626ee11e6a080.html?tpa=dW5pb25faWQ9MTAzNzUzXzEwMDAwMV8wMV8wMQ&refer=baiduald1705
C0000236,,http://list.youku.com/show/id_ze4c5befee10111e5b432.html?tpa=dW5pb25faWQ9MTAzNzUzXzEwMDAwMV8wMV8wMQ&refer=baiduald1705
C0000237,,http://list.youku.com/show/id_z33ec6ce8dea611e58bfb.html?tpa=dW5pb25faWQ9MTAzNzUzXzEwMDAwMV8wMV8wMQ&refer=baiduald1705
C0000238,,http://list.youku.com/show/id_z6692e3d6a62711e69e06.html?tpa=dW5pb25faWQ9MTAzNzUzXzEwMDAwMV8wMV8wMQ&refer=baiduald1705
C0000241,,http://list.youku.com/show/id_zf725f2c1969111e6b16e.html?tpa=dW5pb25faWQ9MTAzNzUzXzEwMDAwMV8wMV8wMQ&refer=baiduald1705
C0000245,,http://list.youku.com/show/id_z9095a3a2af8411e5b522.html?tpa=dW5pb25faWQ9MTAzNzUzXzEwMDAwMV8wMV8wMQ&refer=baiduald1705
C0000254,,http://list.youku.com/show/id_z7183814b215a11e6bdbb.html?tpa=dW5pb25faWQ9MTAzNzUzXzEwMDAwMV8wMV8wMQ&refer=baiduald1705
C0000255,,https://list.youku.com/show/id_z3d02fa0b9b5811e69e06.html?spm=a2h0j.11185381.bpmodule-playpage-righttitle.5~H2~A
C0000256,,http://list.youku.com/show/id_zf3d2c031a55a11e6b9bb.html?tpa=dW5pb25faWQ9MTAzNzUzXzEwMDAwMV8wMV8wMQ&refer=baiduald1705
C0000259,,http://list.youku.com/show/id_z2b32f3eca62811e6b16e.html?tpa=dW5pb25faWQ9MTAzNzUzXzEwMDAwMV8wMV8wMQ&refer=baiduald1705
C0000265,,http://list.youku.com/show/id_z7bf0abae549311e69b6d.html?tpa=dW5pb25faWQ9MTAzNzUzXzEwMDAwMV8wMV8wMQ&refer=baiduald1705
C0000266,,http://list.youku.com/show/id_z6f6ad9e4e9b411e5b2ad.html?tpa=dW5pb25faWQ9MTAzNzUzXzEwMDAwMV8wMV8wMQ&refer=baiduald1705
C0000267,,http://list.youku.com/show/id_zb38198c8a87f11e5a080.html?tpa=dW5pb25faWQ9MTAzNzUzXzEwMDAwMV8wMV8wMQ&refer=baiduald1705
C0000269,,https://list.youku.com/show/id_z1f4be9fc23b211e6a080.html?spm=a2h0j.11185381.bpmodule-playpage-righttitle.5~H2~A
C0000270,,http://list.youku.com/show/id_zc9cb1208012111e6b432.html?tpa=dW5pb25faWQ9MTAzNzUzXzEwMDAwMV8wMV8wMQ&refer=baiduald1705
C0000271,,http://list.youku.com/show/id_z0ddde0c8be8e11e59e2a.html?tpa=dW5pb25faWQ9MTAzNzUzXzEwMDAwMV8wMV8wMQ&refer=baiduald1705
C0000278,,http://list.youku.com/show/id_z1903fbca3fff11e6b432.html?tpa=dW5pb25faWQ9MTAzNzUzXzEwMDAwMV8wMV8wMQ&refer=baiduald1705
C0000282,,http://list.youku.com/show/id_zc715ab27ce3211e6b16e.html?tpa=dW5pb25faWQ9MTAzNzUzXzEwMDAwMV8wMV8wMQ&refer=baiduald1705
C0000283,,https://list.youku.com/show/id_z21ba3d9b683611e69c81.html?spm=a2h0j.11185381.bpmodule-playpage-righttitle.5~H2~A
C0000284,,http://list.youku.com/show/id_ze39e9d7859e011e69c81.html?tpa=dW5pb25faWQ9MTAzNzUzXzEwMDAwMV8wMV8wMQ&refer=baiduald1705
C0000286,,https://list.youku.com/show/id_z66e45dcc6e2611e5b692.html?spm=a2h0j.11185381.bpmodule-playpage-righttitle.5~H2~A
C0000291,,http://list.youku.com/show/id_zefbfbd70efbfbd780bef.html?tpa=dW5pb25faWQ9MTAzNzUzXzEwMDAwMV8wMV8wMQ&refer=baiduald1705
C0000294,,https://list.youku.com/show/id_zefbfbdefbfbdd2b93b79.html?spm=a2h0j.11185381.bpmodule-playpage-righttitle.5~H2~A
C0000296,,http://list.youku.com/show/id_z143546efbfbd5fefbfbd.html?tpa=dW5pb25faWQ9MTAzNzUzXzEwMDAwMV8wMV8wMQ&refer=baiduald1705
C0000297,,http://list.youku.com/show/id_z12efbfbd2defbfbdefbf.html?tpa=dW5pb25faWQ9MTAzNzUzXzEwMDAwMV8wMV8wMQ&refer=baiduald1705
C0000298,,http://list.youku.com/show/id_z58efbfbdcfa2263311ef.html?tpa=dW5pb25faWQ9MTAzNzUzXzEwMDAwMV8wMV8wMQ&refer=baiduald1705
C0000299,,http://list.youku.com/show/id_z4a57f3c6dd2a11e68fae.html?tpa=dW5pb25faWQ9MTAzNzUzXzEwMDAwMV8wMV8wMQ&refer=baiduald1705
C0000301,,http://list.youku.com/show/id_zefbfbd204cefbfbd046a.html?tpa=dW5pb25faWQ9MTAzNzUzXzEwMDAwMV8wMV8wMQ&refer=baiduald1705
C0000305,,http://list.youku.com/show/id_zefbfbd0d551372efbfbd.html?tpa=dW5pb25faWQ9MTAzNzUzXzEwMDAwMV8wMV8wMQ&refer=baiduald1705
C0000306,,http://list.youku.com/show/id_zefbfbd74efbfbd7cc38f.html?tpa=dW5pb25faWQ9MTAzNzUzXzEwMDAwMV8wMV8wMQ&refer=baiduald1705
C0000308,,http://list.youku.com/show/id_zefbfbd3838efbfbd30ef.html?tpa=dW5pb25faWQ9MTAzNzUzXzEwMDAwMV8wMV8wMQ&refer=baiduald1705
C0000309,,http://list.youku.com/show/id_z40efbfbd095b75efbfbd.html?tpa=dW5pb25faWQ9MTAzNzUzXzEwMDAwMV8wMV8wMQ&refer=baiduald1705
C0000315,,http://list.youku.com/show/id_z0331ffaad77111e5b32f.html?tpa=dW5pb25faWQ9MTAzNzUzXzEwMDAwMV8wMV8wMQ&refer=baiduald1705
C0000317,,http://list.youku.com/show/id_z73c98a0a0eefbfbd11ef.html?tpa=dW5pb25faWQ9MTAzNzUzXzEwMDAwMV8wMV8wMQ&refer=baiduald1705
C0000319,,http://list.youku.com/show/id_zefbfbd212e45efbfbd41.html?tpa=dW5pb25faWQ9MTAzNzUzXzEwMDAwMV8wMV8wMQ&refer=baiduald1705
C0000322,,http://list.youku.com/show/id_z7c7810efbfbd0befbfbd.html?tpa=dW5pb25faWQ9MTAzNzUzXzEwMDAwMV8wMV8wMQ&refer=baiduald1705
C0000323,,http://list.youku.com/show/id_z21efbfbd3d5360efbfbd.html?tpa=dW5pb25faWQ9MTAzNzUzXzEwMDAwMV8wMV8wMQ&refer=baiduald1705
C0000333,,http://list.youku.com/show/id_z61efbfbd5cefbfbdefbf.html?tpa=dW5pb25faWQ9MTAzNzUzXzEwMDAwMV8wMV8wMQ&refer=baiduald1705
C0000334,,http://list.youku.com/show/id_z2aefbfbded9aa32d11ef.html?tpa=dW5pb25faWQ9MTAzNzUzXzEwMDAwMV8wMV8wMQ&refer=baiduald1705
C0000339,,http://list.youku.com/show/id_zaddcad8fee8811e68ce4.html?tpa=dW5pb25faWQ9MTAzNzUzXzEwMDAwMV8wMV8wMQ&refer=baiduald1705
C0000342,,http://list.youku.com/show/id_zefbfbd410e5b402b11ef.html?tpa=dW5pb25faWQ9MTAzNzUzXzEwMDAwMV8wMV8wMQ&refer=baiduald1705
C0000347,,https://list.youku.com/show/id_zbc841391cf0711e6967c.html?spm=a2h0j.11185381.bpmodule-playpage-righttitle.5~H2~A
C0000350,,http://list.youku.com/show/id_z74efbfbd31efbfbd42ef.html?tpa=dW5pb25faWQ9MTAzNzUzXzEwMDAwMV8wMV8wMQ&refer=baiduald1705
C0000351,,http://list.youku.com/show/id_zefbfbd79e890a34511ef.html?tpa=dW5pb25faWQ9MTAzNzUzXzEwMDAwMV8wMV8wMQ&refer=baiduald1705
C0000355,,http://list.youku.com/show/id_zba1abd0f11394293b39e.html?tpa=dW5pb25faWQ9MTAzNzUzXzEwMDAwMV8wMV8wMQ&refer=baiduald1705
C0000358,,http://list.youku.com/show/id_z32efbfbd14efbfbdd8a5.html?tpa=dW5pb25faWQ9MTAzNzUzXzEwMDAwMV8wMV8wMQ&refer=baiduald1705
C0000360,,http://list.youku.com/show/id_zea9718e261ad11e0bea1.html?tpa=dW5pb25faWQ9MTAzNzUzXzEwMDAwMV8wMV8wMQ&refer=baiduald1705
C0000368,,http://list.youku.com/show/id_z22b37f91d1254de182a1.html?tpa=dW5pb25faWQ9MTAzNzUzXzEwMDAwMV8wMV8wMQ&refer=baiduald1705
C0000375,,http://list.youku.com/show/id_zd159a14d6cc340dcb35f.html?tpa=dW5pb25faWQ9MTAzNzUzXzEwMDAwMV8wMV8wMQ&refer=baiduald1705
C0000380,,http://list.youku.com/show/id_z8b600969a0ac47b39f5c.html?tpa=dW5pb25faWQ9MTAzNzUzXzEwMDAwMV8wMV8wMQ&refer=baiduald1705
C0000383,,http://list.youku.com/show/id_zd4a1c61a5c114a6e89e9.html?tpa=dW5pb25faWQ9MTAzNzUzXzEwMDAwMV8wMV8wMQ&refer=baiduald1705
C0000387,,http://list.youku.com/show/id_z666b6b8876cd11e5b432.html?tpa=dW5pb25faWQ9MTAzNzUzXzEwMDAwMV8wMV8wMQ&refer=baiduald1705
C0000389,,http://list.youku.com/show/id_z719e310a3ce011e1b52a.html?tpa=dW5pb25faWQ9MTAzNzUzXzEwMDAwMV8wMV8wMQ&refer=baiduald1705
C0000391,,http://list.youku.com/show/id_zc4a86174106211efbfbd.html?tpa=dW5pb25faWQ9MTAzNzUzXzEwMDAwMV8wMV8wMQ&refer=baiduald1705
C0000404,,http://list.youku.com/show/id_z7c70122d997a49c7929b.html?tpa=dW5pb25faWQ9MTAzNzUzXzEwMDAwMV8wMV8wMQ&refer=baiduald1705
C0000409,,http://list.youku.com/show/id_z099ab33d608c443dade9.html?tpa=dW5pb25faWQ9MTAzNzUzXzEwMDAwMV8wMV8wMQ&refer=baiduald1705
C0000411,,http://list.youku.com/show/id_z3413f31b97c24d99a0f6.html?tpa=dW5pb25faWQ9MTAzNzUzXzEwMDAwMV8wMV8wMQ&refer=baiduald1705
C0000412,,http://list.youku.com/show/id_z60f531dbb12b4cc5b369.html?tpa=dW5pb25faWQ9MTAzNzUzXzEwMDAwMV8wMV8wMQ&refer=baiduald1705
C0000413,,http://list.youku.com/show/id_zd48bb797edf94e7faf77.html?tpa=dW5pb25faWQ9MTAzNzUzXzEwMDAwMV8wMV8wMQ&refer=baiduald1705
C0000421,,https://list.youku.com/show/id_zac6ee606e42349c5b8cc.html?spm=a2h0j.11185381.bpmodule-playpage-righttitle.5~H2~A
C0000422,,http://list.youku.com/show/id_zefbfbd023c26efbfbdef.html?spm=a2h0k.11417342.soresults.ddetail
C0000426,,https://list.youku.com/show/id_z6dc63ade26bb4db1a0cd.html?spm=a2h0j.11185381.bpmodule-playpage-righttitle.5~H2~A
B0000427,反贪风暴3,
B0000428,黄金兄弟,
B0000429,悲伤逆流成河,
B0000430,李茶的姑妈,
B0000431,江湖儿女,
B0000432,影,
B0000433,无双,
B0000434,大闹西游,
B0000435,胖子行动队,
B0000436,藏北秘岭・重返无人区,
B0000437,说走就走之不说再见,
B0000438,未择之路,
B0000439,找到你,
B0000440,那些女人,
B0000441,剩女大逃亡,
B0000442,李学生,
B0000443,深海历险记,
B0000444,信仰者,
B0000445,文朝荣,
B0000446,解剖室灵异事件之男生宿舍,
B0000447,疯狂丑小鸭,
B0000448,让我怎么相信你,
B0000449,大寒,
B0000450,旅行吧！井底之蛙,
B0000451,禹神传之寻找神力,
B0000452,天慕,
B0000453,足球王者,
B0000454,昆塔・盒子总动员,
B0000455,邹碧华,
B0000456,警车联盟,
B0000457,李保国,
B0000458,曹操与杨修(京剧),
B0000459,吻隐者,
B0000460,为爱担当,
B0000461,草戒指,
B0000462,极品师徒,
B0000463,动物世界,http://list.youku.com/show/id_z43efbfbd51efbfbdefbf.html?spm=a2h0k.11417342.soresults.ddetail
B0000464,道高一丈,http://list.youku.com/show/id_z377ff81a02a54e69a2a0.html?spm=a2h0k.11417342.soresults.ddetail
B0000465,生存家族,
B0000466,大蛇,http://list.youku.com/show/id_z044927efbfbdefbfbd23.html?spm=a2h0k.11417342.soresults.ddetail
B0000467,道师爷,
B0000468,御龙修仙传,
B0000469,夺宝同盟之神秘笔记,
B0000470,新白蛇传之九尾狐,
B0000471,古墓兽影,
B0000472,降妖天师,
B0000473,前任局中局,
B0000474,怪兽2018,
B0000475,厕所英雄,http://list.youku.com/show/id_zefbfbd64efbfbd01efbf.html?spm=a2h0k.11417342.soresults.ddetail
B0000476,降魔武僧,
B0000477,斗墓占花魁,
B0000478,天生不对,http://list.youku.com/show/id_z72193bd0094011e69e2a.html?spm=a2h0k.11417342.soresults.ddetail
B0000479,桃花劫,
C0000427,妖神记之影妖篇,
C0000428,灵邪记,
C0000429,剑网3・侠肝义胆沈剑心,http://list.youku.com/show/id_z48efbfbd5defbfbdefbf.html?tpa=dW5pb25faWQ9MTAzNzUzXzEwMDAwMV8wMV8wMQ&refer=baiduald1705
A0000471,凉生，我们可不可以不忧伤,http://list.youku.com/show/id_zefbfbdefbfbd6813efbf.html?tpa=dW5pb25faWQ9MTAzNzUzXzEwMDAwMV8wMV8wMQ&refer=baiduald1705
A0000472,斗破苍穹,
A0000473,橙红年代,http://list.youku.com/show/id_z5f3577efbfbdefbfbd75.html?tpa=dW5pb25faWQ9MTAzNzUzXzEwMDAwMV8wMV8wMQ&refer=baiduald1705
A0000474,许你浮生若梦,http://list.youku.com/show/id_zefbfbd26777fefbfbdef.html?tpa=dW5pb25faWQ9MTAzNzUzXzEwMDAwMV8wMV8wMQ&refer=baiduald1705
A0000475,娘道,
A0000476,蚀日风暴,http://list.youku.com/show/id_z4d722befbfbdefbfbd1d.html?tpa=dW5pb25faWQ9MTAzNzUzXzEwMDAwMV8wMV8wMQ&refer=baiduald1705
A0000477,如若巴黎不快乐,
A0000478,颤抖吧阿部之朵星风云,
A0000479,一千零一夜,http://list.youku.com/show/id_z022f5558efbfbdefbfbd.html?tpa=dW5pb25faWQ9MTAzNzUzXzEwMDAwMV8wMV8wMQ&refer=baiduald1705
A0000480,游泳先生,
A0000481,一代名相陈廷敬,http://list.youku.com/show/id_z46c04bd160fc47f5bbff.html?tpa=dW5pb25faWQ9MTAzNzUzXzEwMDAwMV8wMV8wMQ&refer=baiduald1705
A0000482,鸣鸿传,
A0000483,战犯,http://list.youku.com/show/id_zd86292089f2642ffa73f.html?tpa=dW5pb25faWQ9MTAzNzUzXzEwMDAwMV8wMV8wMQ&refer=baiduald1705
A0000484,啊，父老乡亲,http://list.youku.com/show/id_zdeb4efbfbd11efbfbdef.html?tpa=dW5pb25faWQ9MTAzNzUzXzEwMDAwMV8wMV8wMQ&refer=baiduald1705
A0000485,那抹属于我的星光,
A0000486,生于70年代,http://list.youku.com/show/id_z4dfce0f7945c4638bf4f.html?tpa=dW5pb25faWQ9MTAzNzUzXzEwMDAwMV8wMV8wMQ&refer=baiduald1705
A0000487,倾世妖颜,
C0000430,星辰变,
C0000431,画江湖之不良人3,https://list.youku.com/show/id_z4852efbfbd09efbfbd36.html?spm=a2h0k.11417342.soresults.ddetail
C0000432,全职法师3,
C0000433,山河社稷图,https://list.youku.com/show/id_zf6056b0288004a45997d.html?spm=a2h0k.11417342.soresults.ddetail
B0000480,新大头儿子和小头爸爸3：俄罗斯奇遇记,https://list.youku.com/show/id_zbc5dd9ffff2041f186a5.html?spm=a2h0k.11417342.soresults.ddetail
B0000481,爸爸的3次婚礼,http://list.youku.com/show/id_z3e2aa0d0057711e4b8b7.html?spm=a2h0k.11417342.soresults.ddetail
B0000482,阿凡提之奇缘历险,
B0000483,昨日青空,
B0000484,宝贝儿,
B0000485,古剑奇谭之流月昭明,
B0000486,功夫联盟,
B0000487,为你写诗,
A0000488,凉生，我们可不可以不忧伤,http://list.youku.com/show/id_zefbfbdefbfbd6813efbf.html?tpa=dW5pb25faWQ9MTAzNzUzXzEwMDAwMV8wMV8wMQ&refer=baiduald1705
A0000489,斗破苍穹,
A0000490,创业时代,https://list.youku.com/show/id_zefbfbdefbfbd0d06efbf.html?spm=a2h0k.11417342.soresults.ddetail
A0000491,双世宠妃第二季,
A0000492,武动乾坤之冰心在玉壶,https://list.youku.com/show/id_z99972f83b42a4edabfd8.html?spm=a2h0k.11417342.soresults.ddetail
A0000493,盛唐幻夜,
A0000494,你迟到的许多年,
A0000495,正阳门下小女人,
A0000496,悍城,
A0000497,极速青春,
A0000498,好戏一出,
A0000499,战地枪王,https://list.youku.com/show/id_z7360efbfbd14684511ef.html?spm=a2h0k.11417342.soresults.ddetail
A0000500,最好的遇见,https://list.youku.com/show/id_za208e3e89b2611e6bdbb.html?spm=a2h0k.11417342.soresults.ddetail
C0000434,我是江小白2,https://list.youku.com/show/id_zefbfbd211d3cd2b611ef.html?spm=a2h0k.11417342.soresults.ddetail
C0000435,驸马不要啊,
C0000436,公主病的克星,
C0000437,宝宝巴士启蒙音乐剧之新奇世界,https://list.youku.com/show/id_z9cbb7ae292b648d6ae64.html?spm=a2h0k.11417342.soresults.ddetail
C0000438,极品家丁,https://list.youku.com/show/id_zefbfbd4d0f69efbfbdef.html?spm=a2h0k.11417342.soresults.ddetail
C0000439,超级飞侠4,https://list.youku.com/show/id_ze32fe65e8cef4675b463.html?spm=a2h0k.11417342.soresults.ddetail
