产品编号,产品名称,CBO采集链接
B0000001,西游降魔篇,http://www.cbooo.cn/m/589797
B0000002,逃出生天,http://www.cbooo.cn/m/612121
B0000003,致我们终将逝去的青春,http://www.cbooo.cn/m/596973
B0000004,私人订制,http://www.cbooo.cn/m/610928
B0000005,狄仁杰之神都龙王,http://www.cbooo.cn/m/591779
B0000006,中国合伙人,http://www.cbooo.cn/m/610867
B0000007,警察故事2013,http://www.cbooo.cn/m/613384
B0000008,北京遇上西雅图,http://www.cbooo.cn/m/596800
B0000009,小时代,http://www.cbooo.cn/m/614305
B0000010,风暴,http://www.cbooo.cn/m/614346
B0000011,天机・富春山居图,http://www.cbooo.cn/m/593283
B0000012,小时代2青木时代,http://www.cbooo.cn/m/616735
B0000013,不二神探,http://www.cbooo.cn/m/610950
B0000014,厨子戏子痞子,http://www.cbooo.cn/m/610462
B0000015,无人区,http://www.cbooo.cn/m/566774
B0000016,扫毒,http://www.cbooo.cn/m/612120
B0000017,盲探,http://www.cbooo.cn/m/608197
B0000018,101次求婚,http://www.cbooo.cn/m/592544
B0000019,分手合约,http://www.cbooo.cn/m/612420
B0000020,全民目击,http://www.cbooo.cn/m/612672
B0000021,四大名捕2,http://www.cbooo.cn/m/610952
B0000022,一夜惊喜,http://www.cbooo.cn/m/613854
B0000023,听见下雨的声音,http://www.cbooo.cn/m/616712
B0000024,特殊身份,http://www.cbooo.cn/m/608149
B0000025,快乐大本营之快乐到家,http://www.cbooo.cn/m/612627
B0000026,被偷走的那五年,http://www.cbooo.cn/m/616427
B0000027,毒战,http://www.cbooo.cn/m/595606
B0000028,非常幸运,http://www.cbooo.cn/m/611580
B0000029,喜羊羊与灰太狼之喜气羊羊过蛇年,http://www.cbooo.cn/m/613467
B0000030,天台爱情,http://www.cbooo.cn/m/612885
B0000031,激战,http://www.cbooo.cn/m/614568
B0000032,大明猩,http://www.cbooo.cn/m/592255
B0000033,我想和你好好的,http://www.cbooo.cn/m/617267
B0000034,笔仙2,http://www.cbooo.cn/m/613961
B0000035,等风来,http://www.cbooo.cn/m/615471
B0000036,赛尔号大电影3之战神联盟,http://www.cbooo.cn/m/615635
B0000037,我爱灰太狼2,http://www.cbooo.cn/m/617190
B0000038,笑功震武林,http://www.cbooo.cn/m/608215
B0000039,洛克王国2圣龙的心愿,http://www.cbooo.cn/m/610086
B0000040,摩登年代,http://www.cbooo.cn/m/616113
B0000041,忠烈杨家将,http://www.cbooo.cn/m/595180
B0000042,周恩来的四个昼夜,http://www.cbooo.cn/m/615152
B0000043,百星酒店,http://www.cbooo.cn/m/614593
B0000044,潜艇总动员3彩虹宝藏,http://www.cbooo.cn/m/614660
B0000045,宫锁沉香,http://www.cbooo.cn/m/612621
B0000046,巴啦啦小魔仙,http://www.cbooo.cn/m/614154
B0000047,神奇,http://www.cbooo.cn/m/589509
B0000048,控制,http://www.cbooo.cn/m/609005
B0000049,开心超人,http://www.cbooo.cn/m/616186
B0000050,白狐,http://www.cbooo.cn/m/613553
B0000051,青春派,http://www.cbooo.cn/m/617176
B0000052,我爱的是你爱我,http://www.cbooo.cn/m/614334
B0000053,越来越好之村晚,http://www.cbooo.cn/m/614536
B0000054,超级经纪人,http://www.cbooo.cn/m/613462
B0000055,太极侠,http://www.cbooo.cn/m/596555
B0000056,魁拔之大战元泱界,http://www.cbooo.cn/m/596069
B0000057,圣诞玫瑰,http://www.cbooo.cn/m/610627
B0000058,一场风花雪月的事,http://www.cbooo.cn/m/589743
B0000059,同谋,http://www.cbooo.cn/m/609644
B0000060,逆光飞翔,http://www.cbooo.cn/m/612772
B0000061,西游记之大闹天宫,http://www.cbooo.cn/m/589349
B0000062,智取威虎山,http://www.cbooo.cn/m/613812
B0000063,爸爸去哪儿,http://www.cbooo.cn/m/619293
B0000064,分手大师,http://www.cbooo.cn/m/618253
B0000065,后会无期,http://www.cbooo.cn/m/625897
B0000066,匆匆那年,http://www.cbooo.cn/m/619144
B0000067,澳门风云,http://www.cbooo.cn/m/615430
B0000068,小时代3刺金时代,http://www.cbooo.cn/m/617329
B0000069,一步之遥,http://www.cbooo.cn/m/625695
B0000070,同桌的你,http://www.cbooo.cn/m/609338
B0000071,京城81号,http://www.cbooo.cn/m/612739
B0000072,北京爱情故事,http://www.cbooo.cn/m/614577
B0000073,白发魔女传之明月天国,http://www.cbooo.cn/m/612123
B0000074,亲爱的,http://www.cbooo.cn/m/618441
B0000075,窃听风云3,http://www.cbooo.cn/m/612127
B0000076,归来,http://www.cbooo.cn/m/616513
B0000077,微爱之渐入佳境,http://www.cbooo.cn/m/617813
B0000078,催眠大师,http://www.cbooo.cn/m/616332
B0000079,熊出没之夺宝熊兵,http://www.cbooo.cn/m/617164
B0000080,撒娇女人最好命,http://www.cbooo.cn/m/613011
B0000081,一生一世,http://www.cbooo.cn/m/618165
B0000082,老男孩之猛龙过江,http://www.cbooo.cn/m/617372
B0000083,闺蜜,http://www.cbooo.cn/m/626390
B0000084,痞子英雄2：黎明升起,http://www.cbooo.cn/m/618013
B0000085,单身男女2,http://www.cbooo.cn/m/617708
B0000086,太平轮（上）,http://www.cbooo.cn/m/555839
B0000087,四大名捕大结局,http://www.cbooo.cn/m/610953
B0000088,黄飞鸿之英雄有梦,http://www.cbooo.cn/m/617988
B0000089,我的早更女友,http://www.cbooo.cn/m/626514
B0000090,冰封：重生之门,http://www.cbooo.cn/m/609017
B0000091,前任攻略,http://www.cbooo.cn/m/617157
B0000092,十万个冷笑话,http://www.cbooo.cn/m/628995
B0000093,一个人的武林,http://www.cbooo.cn/m/616526
B0000094,魔警,http://www.cbooo.cn/m/626697
B0000095,白日焰火,http://www.cbooo.cn/m/597089
B0000096,临时同居,http://www.cbooo.cn/m/626880
B0000097,反贪风暴,http://www.cbooo.cn/m/618944
B0000098,绣春刀,http://www.cbooo.cn/m/590329
B0000099,喜羊羊与灰太狼之飞马奇遇记,http://www.cbooo.cn/m/618269
B0000100,整容日记,http://www.cbooo.cn/m/613091
B0000101,六福喜事,http://www.cbooo.cn/m/618816
B0000102,神笔马良,http://www.cbooo.cn/m/627872
B0000103,龙之谷：破晓奇兵,http://www.cbooo.cn/m/612707
B0000104,救火英雄,http://www.cbooo.cn/m/613414
B0000105,露水红颜,http://www.cbooo.cn/m/626573
B0000106,赛尔号大电影4圣魔之战,http://www.cbooo.cn/m/626991
B0000107,神秘世界历险记2,http://www.cbooo.cn/m/617392
B0000108,秦时明月之龙腾万里,http://www.cbooo.cn/m/594619
B0000109,盗马记,http://www.cbooo.cn/m/626377
B0000110,脱轨时代,http://www.cbooo.cn/m/597207
B0000111,黄金时代,http://www.cbooo.cn/m/612791
B0000112,洛克王国3圣龙的守护,http://www.cbooo.cn/m/617397
B0000113,潜艇总动员4章鱼奇遇记,http://www.cbooo.cn/m/627456
B0000114,铠甲勇士之雅塔莱斯,http://www.cbooo.cn/m/617250
B0000115,麦兜我和我妈妈,http://www.cbooo.cn/m/643760
B0000116,猪猪侠之勇闯巨人岛,http://www.cbooo.cn/m/614662
B0000117,新大头儿子和小头爸爸之秘密计划,http://www.cbooo.cn/m/627357
B0000118,绝命航班,http://www.cbooo.cn/m/621970
B0000119,捉妖记,http://www.cbooo.cn/m/627896
B0000120,寻龙诀,http://www.cbooo.cn/m/614981
B0000121,港,http://www.cbooo.cn/m/618038
B0000122,夏洛特烦恼,http://www.cbooo.cn/m/628183
B0000123,煎饼侠,http://www.cbooo.cn/m/629410
B0000124,澳门风云2,http://www.cbooo.cn/m/627594
B0000125,西游记之大圣归来,http://www.cbooo.cn/m/630887
B0000126,老炮儿,http://www.cbooo.cn/m/617155
B0000127,唐人街探案,http://www.cbooo.cn/m/638436
B0000128,天将雄师,http://www.cbooo.cn/m/626314
B0000129,狼图腾,http://www.cbooo.cn/m/612432
B0000130,九层妖塔,http://www.cbooo.cn/m/615300
B0000131,恶棍天使,http://www.cbooo.cn/m/631030
B0000132,杀破狼2,http://www.cbooo.cn/m/617809
B0000133,战狼,http://www.cbooo.cn/m/617165
B0000134,滚蛋吧！肿瘤君,http://www.cbooo.cn/m/637578
B0000135,小时代4灵魂尽头,http://www.cbooo.cn/m/617351
B0000136,左耳,http://www.cbooo.cn/m/618528
B0000137,奔跑吧！兄弟,http://www.cbooo.cn/m/630178
B0000138,百团大战,http://www.cbooo.cn/m/639056
B0000139,钟馗伏魔：雪妖魔灵,http://www.cbooo.cn/m/614827
B0000140,道士下山,http://www.cbooo.cn/m/617702
B0000141,栀子花开,http://www.cbooo.cn/m/629465
B0000142,重返20岁,http://www.cbooo.cn/m/626506
B0000143,我的少女时代,http://www.cbooo.cn/m/639871
B0000144,何以笙箫默,http://www.cbooo.cn/m/630765
B0000145,万万没想到,http://www.cbooo.cn/m/631343
B0000146,横冲直撞好莱坞,http://www.cbooo.cn/m/629494
B0000147,烈日灼心,http://www.cbooo.cn/m/617356
B0000148,熊出没之雪岭熊风,http://www.cbooo.cn/m/629949
B0000149,咱们结婚吧,http://www.cbooo.cn/m/627393
B0000150,有一个地方只有我们知道,http://www.cbooo.cn/m/627004
B0000151,前任2备胎反击战,http://www.cbooo.cn/m/637665
B0000152,爸爸去哪儿2,http://www.cbooo.cn/m/630414
B0000153,我是证人,http://www.cbooo.cn/m/631325
B0000154,失孤,http://www.cbooo.cn/m/627482
B0000155,赤道,http://www.cbooo.cn/m/618734
B0000156,解救吾先生,http://www.cbooo.cn/m/631264
B0000157,新娘大作战,http://www.cbooo.cn/m/626778
B0000158,怦然星动,http://www.cbooo.cn/m/638821
B0000159,谜城,http://www.cbooo.cn/m/628394
B0000160,万物生长,http://www.cbooo.cn/m/629090
B0000161,爸爸的假期,http://www.cbooo.cn/m/628143
B0000162,极盗者,http://www.cbooo.cn/m/639004
B0000163,冲上云霄,http://www.cbooo.cn/m/627643
B0000164,破风,http://www.cbooo.cn/m/627886
B0000165,王朝的女人・杨贵妃,http://www.cbooo.cn/m/607363
B0000166,玩命速递：重启之战,http://www.cbooo.cn/m/631012
B0000167,第三种爱情,http://www.cbooo.cn/m/627016
B0000168,一路惊喜,http://www.cbooo.cn/m/628791
B0000169,有种你爱我,http://www.cbooo.cn/m/616397
B0000170,不可思异,http://www.cbooo.cn/m/618119
B0000171,像素大战,http://www.cbooo.cn/m/631838
B0000172,一代宗师3D,http://www.cbooo.cn/m/629493
B0000173,一念天堂,http://www.cbooo.cn/m/640376
B0000174,消失的凶手,http://www.cbooo.cn/m/619619
B0000175,洛克王国4出发！巨人谷,http://www.cbooo.cn/m/638444
B0000176,命中注定,http://www.cbooo.cn/m/629414
B0000177,二十二,http://www.cbooo.cn/m/642681
B0000178,美人鱼,http://www.cbooo.cn/m/626153
B0000179,西游记之孙悟空三打白骨精,http://www.cbooo.cn/m/626346
B0000180,湄公河行动,http://www.cbooo.cn/m/639445
B0000181,长城,http://www.cbooo.cn/m/595849
B0000182,澳门风云3,http://www.cbooo.cn/m/637759
B0000183,在世界中心呼唤爱,http://www.cbooo.cn/m/640694
B0000184,发条城市,http://www.cbooo.cn/m/644004
B0000185,盗墓笔记,http://www.cbooo.cn/m/611818
B0000186,绝地逃亡,http://www.cbooo.cn/m/621641
B0000187,从你的全世界路过,http://www.cbooo.cn/m/626806
B0000188,北京遇上西雅图之不二情书,http://www.cbooo.cn/m/639261
B0000189,叶问3,http://www.cbooo.cn/m/610219
B0000190,铁道飞虎,http://www.cbooo.cn/m/637972
B0000191,寒战2,http://www.cbooo.cn/m/641077
B0000192,情圣,http://www.cbooo.cn/m/653984
B0000193,使徒行者,http://www.cbooo.cn/m/637798
B0000194,大鱼海棠,http://www.cbooo.cn/m/618087
B0000195,爵迹,http://www.cbooo.cn/m/637814
B0000196,火锅英雄,http://www.cbooo.cn/m/617763
B0000197,致青春・原来你还在这里,http://www.cbooo.cn/m/619127
B0000198,我的特工爷爷,http://www.cbooo.cn/m/628035
B0000199,熊出没之熊心归来,http://www.cbooo.cn/m/640206
B0000200,封神传奇,http://www.cbooo.cn/m/626988
B0000201,微微一笑很倾城,http://www.cbooo.cn/m/631411
B0000202,王牌逗王牌,http://www.cbooo.cn/m/642914
B0000203,赏金猎人,http://www.cbooo.cn/m/615259
B0000204,反贪风暴2,http://www.cbooo.cn/m/639446
B0000205,陆知马俐,http://www.cbooo.cn/m/644059
B0000206,谁的青春不迷茫,http://www.cbooo.cn/m/619412
B0000207,七月与安生,http://www.cbooo.cn/m/626298
B0000208,危城,http://www.cbooo.cn/m/639257
B0000209,夏有乔木 雅望天堂,http://www.cbooo.cn/m/627597
B0000210,三人行,http://www.cbooo.cn/m/631111
B0000211,梦想合伙人,http://www.cbooo.cn/m/628773
B0000212,我不是潘金莲,http://www.cbooo.cn/m/640103
B0000213,摆渡人,http://www.cbooo.cn/m/628225
B0000214,大话西游3,http://www.cbooo.cn/m/631476
B0000215,驴得水,http://www.cbooo.cn/m/628324
B0000216,追凶者也,http://www.cbooo.cn/m/631288
B0000217,高跟鞋先生,http://www.cbooo.cn/m/628676
B0000218,28岁未成年,http://www.cbooo.cn/m/640662
B0000219,睡在我上铺的兄弟,http://www.cbooo.cn/m/637810
B0000220,罗曼蒂克消亡史,http://www.cbooo.cn/m/617156
B0000221,惊天破,http://www.cbooo.cn/m/644689
B0000222,三少爷的剑,http://www.cbooo.cn/m/573488
B0000223,卧虎藏龙：青冥宝剑,http://www.cbooo.cn/m/618023
B0000224,新大头儿子和小头爸爸2一日成才,http://www.cbooo.cn/m/653081
B0000225,魔宫魅影,http://www.cbooo.cn/m/637777
B0000226,百鸟朝凤,http://www.cbooo.cn/m/611464
B0000227,所以……和黑粉结婚了,http://www.cbooo.cn/m/639833
B0000228,女汉子真爱公式,http://www.cbooo.cn/m/637664
B0000229,过年好,http://www.cbooo.cn/m/642644
B0000230,小门神,http://www.cbooo.cn/m/627347
B0000231,惊天大逆转,http://www.cbooo.cn/m/644032
B0000232,捉迷藏,http://www.cbooo.cn/m/644455
B0000233,神秘世界历险记3,http://www.cbooo.cn/m/639105
B0000234,消失爱人,http://www.cbooo.cn/m/637761
B0000235,超级快递,http://www.cbooo.cn/m/637633
B0000236,外公芳龄38,http://www.cbooo.cn/m/627541
B0000237,战狼2,http://www.cbooo.cn/m/641515
B0000238,捉妖记2,http://www.cbooo.cn/m/656875
B0000239,红海行动,http://www.cbooo.cn/m/655823
B0000240,唐人街探案2,http://www.cbooo.cn/m/663419
B0000241,前任3再见前任,http://www.cbooo.cn/m/663359
B0000242,羞羞的铁拳,http://www.cbooo.cn/m/661004
B0000243,无问西东,http://www.cbooo.cn/m/589946
B0000244,三生三世十里桃花,http://www.cbooo.cn/m/629924
B0000245,奇门遁甲,http://www.cbooo.cn/m/618517
B0000246,芳华,http://www.cbooo.cn/m/659453
B0000247,二代妖精之今生有幸,http://www.cbooo.cn/m/653548
B0000248,悟空传,http://www.cbooo.cn/m/629524
B0000249,记忆大师,http://www.cbooo.cn/m/644001
B0000250,英伦对决,http://www.cbooo.cn/m/661432
B0000251,空天猎,http://www.cbooo.cn/m/652615
B0000252,追龙,http://www.cbooo.cn/m/658278
B0000253,侠盗联盟,http://www.cbooo.cn/m/655595
B0000254,妖铃铃,http://www.cbooo.cn/m/669715
B0000255,缝纫机乐队,http://www.cbooo.cn/m/660009
B0000256,机器之血,http://www.cbooo.cn/m/643308
B0000257,绣春刀2修罗战场,http://www.cbooo.cn/m/640808
B0000258,杀破狼・贪狼,http://www.cbooo.cn/m/644896
B0000259,鲛珠传,http://www.cbooo.cn/m/628130
B0000260,祖宗十九代,http://www.cbooo.cn/m/670442
B0000261,密战,http://www.cbooo.cn/m/669515
B0000262,熊出没・变形记,http://www.cbooo.cn/m/670573
B0000263,建军大业,http://www.cbooo.cn/m/642415
B0000264,心理罪之城市之光,http://www.cbooo.cn/m/653101
B0000265,绝世高手,http://www.cbooo.cn/m/641878
B0000266,后来的我们,http://www.cbooo.cn/m/663327
B0000267,逆时营救,http://www.cbooo.cn/m/640505
B0000268,功守道,http://www.cbooo.cn/m/670569
B0000269,英雄本色2018,http://www.cbooo.cn/m/663226
B0000270,心理罪,http://www.cbooo.cn/m/653101
B0000271,谜巢,http://www.cbooo.cn/m/661934
B0000272,幕后玩家,http://www.cbooo.cn/m/669662
B0000273,父子雄兵,http://www.cbooo.cn/m/657204
B0000274,西游记女儿国,http://www.cbooo.cn/m/644530
B0000275,反转人生,http://www.cbooo.cn/m/617733
B0000276,灵魂摆渡・黄泉,http://www.cbooo.cn/m/665767
B0000277,明月几时有,http://www.cbooo.cn/m/642915
B0000278,厉害了，我的国,http://www.cbooo.cn/m/675239
B0000279,这就是命,http://www.cbooo.cn/m/669804
B0000280,王牌保镖,http://www.cbooo.cn/m/668639
B0000281,罪途之死亡列车,http://www.cbooo.cn/m/677522
B0000282,京城81号2,http://www.cbooo.cn/m/630017
B0000283,冈仁波齐,http://www.cbooo.cn/m/642783
B0000284,忠爱无言,http://www.cbooo.cn/m/656460
B0000285,南极之恋,http://www.cbooo.cn/m/626831
B0000286,龙之战,http://www.cbooo.cn/m/654333
B0000287,我说的都是真的,http://www.cbooo.cn/m/644531
B0000288,21克拉,http://www.cbooo.cn/m/642174
B0000289,大闹天竺,http://www.cbooo.cn/m/637920
B0000290,大明阴阳师,http://www.cbooo.cn/m/674507
B0000291,大梦西游4伏妖记,http://www.cbooo.cn/m/672532
B0000292,大梦西游3女儿国奇遇记,http://www.cbooo.cn/m/667183
B0000293,大毛狗,http://www.cbooo.cn/m/674591
B0000294,大耳朵图图之美食狂想曲,http://www.cbooo.cn/m/629490
B0000295,春娇救志明,http://www.cbooo.cn/m/644667
B0000296,乘风破浪,http://www.cbooo.cn/m/655798
B0000297,拆弹专家,http://www.cbooo.cn/m/660393
B0000298,傲娇与偏见,http://www.cbooo.cn/m/638811
B0000299,喜欢你,http://www.cbooo.cn/m/628157
B0000300,我不是药神 ,http://www.cbooo.cn/m/676313
B0000301,西游伏妖篇,http://www.cbooo.cn/m/619719
B0000302,功夫瑜伽,http://www.cbooo.cn/m/629898
B0000303,非凡任务,http://www.cbooo.cn/m/655350
B0000304,超时空同居,http://www.cbooo.cn/m/676391
B0000305,妖猫传,http://www.cbooo.cn/m/643285
B0000306,西小河的夏天,http://www.cbooo.cn/m/669930
B0000307,十八洞村,http://www.cbooo.cn/m/669716
B0000308,解忧杂货店,http://www.cbooo.cn/m/641143
B0000309,追捕,http://www.cbooo.cn/m/637776
B0000310,七十七天,http://www.cbooo.cn/m/618581
B0000311,美好的意外,http://www.cbooo.cn/m/644326
B0000312,暴裂无声,http://www.cbooo.cn/m/668536
B0000313,罪途之正义规则,http://www.cbooo.cn/m/677524
B0000314,罪途之救赎代价,http://www.cbooo.cn/m/677523
B0000315,捉妖大仙,http://www.cbooo.cn/m/676355
B0000316,张三丰之末世凶兵,http://www.cbooo.cn/m/668317
B0000317,战神纪,http://www.cbooo.cn/m/643724
B0000318,遇见你真好,http://www.cbooo.cn/m/662641
B0000319,引爆者,http://www.cbooo.cn/m/643292
B0000320,一句顶一万句,http://www.cbooo.cn/m/638956
B0000321,寻找罗麦,http://www.cbooo.cn/m/618240
B0000322,血战湘江,http://www.cbooo.cn/m/661453
B0000323,熊出没之奇幻空间,http://www.cbooo.cn/m/655318
B0000324,新僵尸先生2,http://www.cbooo.cn/m/672529
B0000325,香港大营救,http://www.cbooo.cn/m/619427
B0000326,卧底巨星,http://www.cbooo.cn/m/668959
B0000327,我是你妈,http://www.cbooo.cn/m/671362
B0000328,玩世英雄,http://www.cbooo.cn/m/675254
B0000329,推理笔记,http://www.cbooo.cn/m/659563
B0000330,识色，幸也,http://www.cbooo.cn/m/640399
B0000331,上位2,http://www.cbooo.cn/m/675244
B0000332,赛尔号大电影6:圣者无敌,http://www.cbooo.cn/m/658090
B0000333,奇葩朵朵,http://www.cbooo.cn/m/640887
B0000334,齐天大圣・万妖之城,http://www.cbooo.cn/m/675341
B0000335,魔轮,http://www.cbooo.cn/m/644103
B0000336,魔国志1之黄巾之乱,http://www.cbooo.cn/m/675474
B0000337,命运速递,http://www.cbooo.cn/m/661392
B0000338,喵星人,http://www.cbooo.cn/m/643813
B0000339,米花之味,http://www.cbooo.cn/m/659490
B0000340,迷失地铁,http://www.cbooo.cn/m/678915
B0000341,美容针,http://www.cbooo.cn/m/642158
B0000342,冒牌监护人之寻宝闹翻天,http://www.cbooo.cn/m/669267
B0000343,猫与桃花源,http://www.cbooo.cn/m/655316
B0000344,妈妈咪鸭,http://www.cbooo.cn/m/670904
B0000345,老兽,http://www.cbooo.cn/m/668715
B0000346,巨额来电,http://www.cbooo.cn/m/663013
B0000347,进击吧，少女！,http://www.cbooo.cn/m/678328
B0000348,金三角大营救,http://www.cbooo.cn/m/677517
B0000349,金龟子,http://www.cbooo.cn/m/655654
B0000350,降魔传,http://www.cbooo.cn/m/666423
B0000351,济公之英雄归位,http://www.cbooo.cn/m/674858
B0000352,黄金花,http://www.cbooo.cn/m/655866
B0000353,黄飞鸿之南北英雄,http://www.cbooo.cn/m/677821
B0000354,欢乐喜剧人,http://www.cbooo.cn/m/654668
B0000355,画皮师,http://www.cbooo.cn/m/677105
B0000356,闺蜜2,http://www.cbooo.cn/m/629372
B0000357,故事贩卖机,http://www.cbooo.cn/m/679226
B0000358,钢铁飞龙之再见奥特曼,http://www.cbooo.cn/m/617390
B0000359,烽火逐金,http://www.cbooo.cn/m/677250
B0000360,疯魔鲁智深,http://www.cbooo.cn/m/676356
B0000361,二次初恋,http://www.cbooo.cn/m/666143
B0000362,毒。诫,http://www.cbooo.cn/m/639686
B0000363,狄仁杰之轮回图,http://www.cbooo.cn/m/674505
B0000364,低压槽：欲望之城,http://www.cbooo.cn/m/661851
B0000365,大卫贝肯之倒霉特工熊,http://www.cbooo.cn/m/658620
B0000366,大唐嘻游记,http://www.cbooo.cn/m/672041
B0000367,大世界,http://www.cbooo.cn/m/666459
B0000368,陈翔六点半之铁头无敌,http://www.cbooo.cn/m/678449
B0000369,超级大山炮之海岛奇遇,http://www.cbooo.cn/m/672223
B0000370,不良千金,http://www.cbooo.cn/m/675753
B0000371,彪哥闯奉天之做梦没想到,http://www.cbooo.cn/m/676425
B0000372,毕业作品,http://www.cbooo.cn/m/643625
B0000373,暴走狂花,http://www.cbooo.cn/m/678226
B0000374,报告老师我是东北银,http://www.cbooo.cn/m/676343
B0000375,宝塔镇河妖之诡墓龙棺,http://www.cbooo.cn/m/678932
B0000376,白门五甲,http://www.cbooo.cn/m/675779
B0000377,西虹市首富,http://www.cbooo.cn/m/671983
B0000378,一出好戏,http://www.cbooo.cn/m/677028
B0000379,邪不压正,http://www.cbooo.cn/m/638109
B0000380,爱情公寓,http://www.cbooo.cn/m/612645
B0000381,狄仁杰之四大天王,http://www.cbooo.cn/m/660451
B0000382,巨齿鲨,http://www.cbooo.cn/m/644333
B0000383,快把我哥带走,http://www.cbooo.cn/m/654239
B0000384,欧洲攻略,http://www.cbooo.cn/m/637824
B0000385,风语咒,http://www.cbooo.cn/m/677201
B0000386,阿修罗,http://www.cbooo.cn/m/628633
B0000387,肆式青春,http://www.cbooo.cn/m/676995
B0000388,幸福马上来,http://www.cbooo.cn/m/652546
B0000389,大师兄,http://www.cbooo.cn/m/674426
B0000390,新乌龙院之笑闹江湖,http://www.cbooo.cn/m/637873
B0000391,爸，我一定行的,http://www.cbooo.cn/m/674343
B0000392,缉妖法海传,
B0000393,解码游戏,http://www.cbooo.cn/m/643976
B0000394,美食大冒险之英雄烩,http://www.cbooo.cn/m/678323
B0000395,画师,
B0000396,天才J之致命推理,
B0000397,天才J之第二个J,
B0000398,神秘世界历险记4,http://www.cbooo.cn/m/673286
B0000399,浴血广昌,http://www.cbooo.cn/m/672442
B0000400,狄仁杰之夺命天眼,
B0000401,兄弟班,http://www.cbooo.cn/m/668225
B0000402,天下第一镖局,http://www.cbooo.cn/m/679761
B0000403,牧野诡事之神仙眼,
B0000404,夺命剑之风云再起,
B0000405,夺命剑之喋血江湖,
B0000406,飞行员舄,
B0000407,龙虾刑警,http://www.cbooo.cn/m/654226
B0000408,济公之神龙再现,
B0000409,猛虫过江,http://www.cbooo.cn/m/653845
B0000410,拯救悟空,
B0000411,沙海番外之蚌人,
B0000412,泄密者,http://www.cbooo.cn/m/668962
B0000413,阴阳诀之祭情,
B0000414,狂战,
B0000415,致命关系,
B0000416,蜀山降魔传,
B0000417,小悟空,http://www.cbooo.cn/m/677988
B0000418,狂龙伏妖,
B0000419,绝色霸王花,
B0000420,保龙一族之龙游潜水,
B0000421,唐人街小炮勇闯伦敦,
B0000422,玩偶特工,
B0000423,报告王爷，王妃是只猫2,
B0000424,金鸡大劫案,
B0000425,不留活口,
B0000426,万魂镜之诛魔记,
B0000427,反贪风暴3,http://www.cbooo.cn/m/668657
B0000428,黄金兄弟,http://www.cbooo.cn/m/680427
B0000429,悲伤逆流成河,http://www.cbooo.cn/m/672933
B0000430,李茶的姑妈,http://www.cbooo.cn/m/672319
B0000431,江湖儿女,http://www.cbooo.cn/m/672829
B0000432,影,http://www.cbooo.cn/m/589352
B0000433,无双,http://www.cbooo.cn/m/678141
B0000434,大闹西游,http://www.cbooo.cn/m/675234
B0000435,胖子行动队,http://www.cbooo.cn/m/669661
B0000436,藏北秘岭・重返无人区,http://www.cbooo.cn/m/673593
B0000437,说走就走之不说再见,http://www.cbooo.cn/m/642601
B0000438,未择之路,http://www.cbooo.cn/m/641088
B0000439,找到你,http://www.cbooo.cn/m/675304
B0000440,那些女人,http://www.cbooo.cn/m/642989
B0000441,剩女大逃亡,http://www.cbooo.cn/m/679589
B0000442,李学生,http://www.cbooo.cn/m/677432
B0000443,深海历险记,http://www.cbooo.cn/m/676757
B0000444,信仰者,http://www.cbooo.cn/m/676763
B0000445,文朝荣,http://www.cbooo.cn/m/677990
B0000446,解剖室灵异事件之男生宿舍,http://www.cbooo.cn/m/679762
B0000447,疯狂丑小鸭,http://www.cbooo.cn/m/682006
B0000448,让我怎么相信你,http://www.cbooo.cn/m/661440
B0000449,大寒,http://www.cbooo.cn/m/638262
B0000450,旅行吧！井底之蛙,http://www.cbooo.cn/m/678841
B0000451,禹神传之寻找神力,http://www.cbooo.cn/m/673402
B0000452,天慕,http://www.cbooo.cn/m/678280
B0000453,足球王者,http://www.cbooo.cn/m/662190
B0000454,昆塔・盒子总动员,http://www.cbooo.cn/m/617257
B0000455,邹碧华,http://www.cbooo.cn/m/641885
B0000456,警车联盟,http://www.cbooo.cn/m/680244
B0000457,李保国,http://www.cbooo.cn/m/680504
B0000458,曹操与杨修(京剧),http://www.cbooo.cn/m/660865
B0000459,吻隐者,http://www.cbooo.cn/m/672051
B0000460,为爱担当,http://www.cbooo.cn/m/656486
B0000461,草戒指,http://www.cbooo.cn/m/641589
B0000462,极品师徒,http://www.cbooo.cn/m/670408
B0000463,动物世界,http://www.cbooo.cn/m/660959
B0000464,道高一丈,http://www.cbooo.cn/m/641617
B0000465,生存家族,http://www.cbooo.cn/m/661100
B0000466,大蛇,http://www.cbooo.cn/m/682111
B0000467,道师爷,http://www.cbooo.cn/m/682182
B0000468,御龙修仙传,http://www.cbooo.cn/m/681587
B0000469,夺宝同盟之神秘笔记,http://www.cbooo.cn/m/682740
B0000470,新白蛇传之九尾狐,http://www.cbooo.cn/m/682304
B0000471,古墓兽影,http://www.cbooo.cn/m/643001
B0000472,降妖天师,http://www.cbooo.cn/m/682296
B0000473,前任局中局,http://www.cbooo.cn/m/682303
B0000474,怪兽2018,http://www.cbooo.cn/m/682297
B0000475,厕所英雄,http://www.cbooo.cn/m/668778
B0000476,降魔武僧,http://www.cbooo.cn/m/682029
B0000477,斗墓占花魁,http://www.cbooo.cn/m/681738
B0000478,天生不对,http://www.cbooo.cn/m/640112
B0000479,桃花劫,http://www.cbooo.cn/m/682259
B0000480,新大头儿子和小头爸爸3：俄罗斯奇遇记,http://www.cbooo.cn/m/672751
B0000481,爸爸的3次婚礼,http://www.cbooo.cn/m/616073
B0000482,阿凡提之奇缘历险,http://www.cbooo.cn/m/679295
B0000483,昨日青空,http://www.cbooo.cn/m/631038
B0000484,宝贝儿,http://www.cbooo.cn/m/629824
B0000485,古剑奇谭之流月昭明,http://www.cbooo.cn/m/653406
B0000486,功夫联盟,http://www.cbooo.cn/m/666952
B0000487,为你写诗,http://www.cbooo.cn/m/673542
