来源,产品名称,CBO票房链接
B0000488,无名之辈,http://www.cbooo.cn/m/678587
B0000489,中国蓝盔,http://www.cbooo.cn/m/663152
B0000490,你好，之华,http://www.cbooo.cn/m/677693
B0000491,恐龙王,http://www.cbooo.cn/m/681602
B0000492,冰封侠：时空行者,http://www.cbooo.cn/m/616870
B0000493,影,http://www.cbooo.cn/m/589352
B0000494,你美丽了我的人生,http://www.cbooo.cn/m/659657
B0000495,黑暗迷宫,http://www.cbooo.cn/m/641425
B0000496,邪不压正,http://www.cbooo.cn/m/638109
B0000497,我不是药神,http://www.cbooo.cn/m/676313
B0000498,西虹市首富,http://www.cbooo.cn/m/671983
B0000499,悲伤逆流成河,http://www.cbooo.cn/m/672933
B0000500,忍者通告,http://www.cbooo.cn/m/684195
B0000501,张艺谋和他的“影”,http://www.cbooo.cn/m/682179
B0000502,反贪风暴3,http://www.cbooo.cn/m/668657
B0000503,四大名捕之入梦妖灵,http://www.cbooo.cn/m/684158
B0000504,黄金兄弟,http://www.cbooo.cn/m/680427
B0000505,药仙,http://www.cbooo.cn/m/671899
B0000506,记忆折叠,http://www.cbooo.cn/m/668237
B0000507,擒贼先擒王,http://www.cbooo.cn/m/670663
B0000508,千门女王之螳螂捕蝉,http://www.cbooo.cn/m/683560