新增产品ID,产品名称,有妖气
D0000025,,http://www.u17.com/comic/104429.html
D0000026,,http://www.u17.com/comic/68109.html
D0000036,,http://www.u17.com/comic/108945.html
D0000042,,http://www.u17.com/comic/156279.html
D0000044,,http://www.u17.com/comic/71064.html
D0000049,,http://www.u17.com/comic/3166.html
D0000051,,http://www.u17.com/comic/5553.html
D0000052,,http://www.u17.com/comic/195.html
D0000056,,http://www.u17.com/comic/13707.html
D0000060,,http://www.u17.com/comic/71131.html
D0000064,,http://www.u17.com/comic/135110.html
D0000074,,http://www.u17.com/comic/88801.html
D0000075,,http://www.u17.com/comic/98769.html
D0000079,,http://www.u17.com/comic/120760.html
D0000084,,http://www.u17.com/comic/105055.html
D0000087,,http://www.u17.com/comic/114741.html
D0000089,,http://www.u17.com/comic/121692.html
D0000103,,http://www.u17.com/comic/159905.html
D0000107,,http://www.u17.com/comic/146403.html
D0000149,,http://www.u17.com/comic/145630.html
D0000150,,http://www.u17.com/comic/136224.html
D0000151,,http://www.u17.com/comic/142882.html
D0000152,,http://www.u17.com/comic/167077.html
D0000153,,http://www.u17.com/comic/136641.html
D0000154,,http://www.u17.com/comic/8805.html
D0000157,,http://www.u17.com/comic/2144.html
D0000158,,http://www.u17.com/comic/14325.html
D0000159,,http://www.u17.com/comic/1368.html
D0000160,,http://www.u17.com/comic/1405.html
D0000161,,http://www.u17.com/comic/1374.html
D0000162,,http://www.u17.com/comic/1383.html
D0000163,,http://www.u17.com/comic/4564.html
D0000164,,http://www.u17.com/comic/4885.html
D0000165,,http://www.u17.com/comic/19572.html
D0000166,,http://www.u17.com/comic/19572.html
D0000167,,http://www.u17.com/comic/60118.html
D0000169,,http://www.u17.com/comic/69027.html
D0000170,,http://www.u17.com/comic/64715.html
D0000171,,http://www.u17.com/comic/76564.html
D0000172,,http://www.u17.com/comic/75859.html
D0000173,,http://www.u17.com/comic/74952.html
D0000175,,http://www.u17.com/comic/190.html
D0000176,,http://www.u17.com/comic/3363.html
D0000177,,http://www.u17.com/comic/30889.html
D0000178,,http://www.u17.com/comic/7166.html
D0000179,,http://www.u17.com/comic/21646.html
D0000180,,http://www.u17.com/comic/31260.html
D0000181,,http://www.u17.com/comic/51104.html
D0000182,,http://www.u17.com/comic/84103.html
D0000184,,http://www.u17.com/comic/5157.html
D0000185,,http://www.u17.com/comic/24413.html
D0000186,,http://www.u17.com/comic/28035.html
D0000187,,http://www.u17.com/comic/41524.html
D0000188,,http://www.u17.com/comic/81510.html
D0000189,,http://www.u17.com/comic/66857.html
D0000190,,http://www.u17.com/comic/74712.html
D0000191,,http://www.u17.com/comic/67518.html
D0000192,,http://www.u17.com/comic/69567.html
D0000193,,http://www.u17.com/comic/1904.html
D0000194,,http://www.u17.com/comic/15728.html
D0000195,,http://www.u17.com/comic/16179.html
D0000210,DOLO命运胶囊,
D0000211,奥拉星・平行宇宙,http://www.u17.com/comic/175016.html
D0000211,,http://www.u17.com/comic/175016.html
D0000212,城市王子与土著少女,
D0000213,丑女的后宫法则,
D0000214,穿越西元3000后,
D0000215,当校霸爱上学霸,
D0000216,厄运之王,
D0000217,给我哭,
D0000218,攻略妖男的一万种姿势,
D0000219,诡异奇谈,
D0000220,过度接触,
D0000221,化龙记,
D0000222,恋是樱草色,
D0000223,六月的不可思议,
D0000224,魔道祖师,
D0000225,魔王老公欠调教,
D0000226,女子学院的男生,http://www.u17.com/comic/154208.html
D0000226,,http://www.u17.com/comic/154208.html
D0000227,前任战争,
D0000228,杀手古德,
D0000229,沈升,
D0000230,嗜谎之神,
D0000231,王牌校草,http://www.u17.com/comic/125783.html
D0000231,,http://www.u17.com/comic/125783.html
D0000232,王爷不要啊,
D0000233,我家少主计无双,
D0000234,吾凰在上,
D0000235,雪国,http://www.u17.com/comic/116969.html
D0000235,,http://www.u17.com/comic/116969.html
D0000236,一代灵后,
D0000237,一言不合就吸血,
D0000238,永恒至尊,
D0000239,宇宙琴未响,
D0000240,灶神4917,http://www.u17.com/comic/153687.html
D0000240,,http://www.u17.com/comic/153687.html
D0000241,泽上寂寞萤火,
D0000242,重生之都市修仙,
D0000243,重生只为睡影帝,
D0000244,驭灵师,http://www.u17.com/comic/121836.html
D0000244,,http://www.u17.com/comic/121836.html
D0000245,麻辣千金斗恶少,
D0000246,爱神巧克力进行时,
D0000247,恋上一屋吸血鬼,
D0000248,铁姬钢兵,
D0000249,成也萧河,
D0000250,闪恋薄荷糖,
D0000251,狼的谎言,
D0000252,别闹！我想静静……,
D0000253,第五人格漫画,
D0000254,空心恋人,http://www.u17.com/comic/126616.html
D0000254,,http://www.u17.com/comic/126616.html
D0000255,邪君宠-貂蝉,http://www.u17.com/comic/98063.html
D0000255,,http://www.u17.com/comic/98063.html
D0000256,血族禁域,
D0000257,寻找前世之旅,
D0000258,九九八十一,
D0000259,赤色四叶草,
D0000260,成也萧何,
D0000261,爱上傲娇龙王爷,
D0000262,妖言惑道,
D0000263,最强反套路系统,
D0000264,贺少的闪婚暖妻,
D0000265,武拳,
D0000266,我在末世有套房,
D0000267,我在皇宫当巨巨,
D0000268,街球江湖,
D0000269,逍遥法外,
D0000270,爱我吧，苏东坡,
D0000271,王爷不好婚,
D0000272,女装大佬养成记,
D0000273,亲吻不等于恋爱,
D0000274,球娘,http://www.u17.com/comic/27107.html?source=baidu
D0000275,恋爱吧！勇者小黄鱼,http://www.u17.com/comic/150603.html
D0000276,锁龙,http://www.u17.com/comic/149716.html?source=baidu
D0000277,偷星九月天,
D0000278,渐近的心跳,
D0000279,30岁男子物语,
D0000280,黑夜有所斯,
D0000281,贩卖大师,
D0000282,未来重启,
D0000283,怪奇笔记,
D0000284,我是大神仙,
D0000285,被废弃的皇妃,
D0000286,地府我开的,http://www.u17.com/comic/172521.html
D0000287,伞少女梦谈,
D0000288,食鬼大掌柜,
D0000289,控妹狂战记,
D0000290,神厨狂后,http://www.u17.com/comic/171590.html
D0000291,尚善,http://www.u17.com/comic/57524.html
D0000292,元尊,
