编号,产品名称,游民星空
F0000001,滑雪大冒险(手游),http://shouyou.gamersky.com/ku/391142.shtml
F0000002,JJ斗地主(手游),
F0000003,龙印OL(手游),
F0000004,找你妹(手游),http://shouyou.gamersky.com/ku/460777.shtml
F0000005,保卫萝卜1(手游),http://shouyou.gamersky.com/ku/388350.shtml
F0000006,时空猎人(手游),http://shouyou.gamersky.com/ku/583876.shtml
F0000007,欢乐四川麻将(手游),
F0000008,大掌门(手游),
F0000009,商业人生(手游),http://shouyou.gamersky.com/ku/933533.shtml
F0000010,三国争霸-龙将(手游),
F0000011,武林萌主(手游),
F0000012,王者之剑(手游),http://shouyou.gamersky.com/ku/586336.shtml
F0000013,逆转三国(手游),
F0000014,博雅斗地主(手游),
F0000015,风云天下OL(手游),
F0000016,弹弹岛Online(手游),http://shouyou.gamersky.com/ku/477441.shtml
F0000017,萌江湖(手游),
F0000018,圣域龙斗士：全民战争(手游),
F0000019,我叫MT online(手游),http://shouyou.gamersky.com/ku/383617.shtml
F0000020,小小帝国(手游),http://shouyou.gamersky.com/ku/387933.shtml
F0000021,一将成名(手游),
F0000022,开心水族箱(手游),http://shouyou.gamersky.com/ku/494158.shtml
F0000023,天天爱消除(手游),http://shouyou.gamersky.com/ku/457145.shtml
F0000024,天天星连萌(手游),http://shouyou.gamersky.com/ku/474255.shtml
F0000025,节奏大师(手游),http://shouyou.gamersky.com/ku/460769.shtml
F0000026,疯狂的方言(手游),
F0000027,中国好学霸(手游),http://shouyou.gamersky.com/ku/461105.shtml
F0000028,一闯到底(手游),
F0000029,飞机大战豪华版(手游),
F0000030,欢乐斗地主(手游),http://shouyou.gamersky.com/ku/384473.shtml
F0000031,保卫萝卜2(手游),http://shouyou.gamersky.com/ku/385230.shtml
F0000032,新部落守卫战(手游),http://shouyou.gamersky.com/ku/488244.shtml
F0000033,天天飞车(手游),http://shouyou.gamersky.com/ku/457163.shtml
F0000034,史上最坑爹的游戏1(手游),http://shouyou.gamersky.com/ku/394271.shtml
F0000035,神雕侠侣(手游),http://shouyou.gamersky.com/ku/580342.shtml
F0000036,武侠Q传(手游),http://shouyou.gamersky.com/ku/701569.shtml
F0000037,腾讯欢乐麻将全集(手游),
F0000038,全民飞机大战(手游),http://shouyou.gamersky.com/ku/387636.shtml
F0000039,天天酷跑(手游),http://shouyou.gamersky.com/ku/391717.shtml
F0000040,天天斗地主(手游),
F0000041,找你妹2(手游),http://shouyou.gamersky.com/ku/460793.shtml
F0000042,史上最坑爹的游戏2(手游),http://shouyou.gamersky.com/ku/394274.shtml
F0000043,天天德州(手游),
F0000044,雷霆战机(手游),http://shouyou.gamersky.com/ku/388078.shtml
F0000045,梦幻西游口袋版(手游),
F0000046,开心消消乐(手游),http://shouyou.gamersky.com/ku/460902.shtml
F0000047,神魔大陆(手游),http://shouyou.gamersky.com/ku/586873.shtml
F0000048,全民小镇(手游),http://shouyou.gamersky.com/ku/384962.shtml
F0000049,迷你西游(手游),http://shouyou.gamersky.com/ku/465833.shtml
F0000050,江湖格斗(手游),
F0000051,崩坏学园2(手游),http://shouyou.gamersky.com/z/bh2/
F0000052,全民炫舞(手游),http://shouyou.gamersky.com/ku/463450.shtml
F0000053,天天炫斗(手游),http://shouyou.gamersky.com/ku/391735.shtml
F0000054,暗黑战神OL(手游),http://shouyou.gamersky.com/ku/586834.shtml
F0000055,城堡争霸：遗落之境(手游),http://shouyou.gamersky.com/ku/387822.shtml
F0000056,足球大逆袭(手游),
F0000057,胜利足球(手游),http://shouyou.gamersky.com/ku/465871.shtml
F0000058,全民水浒(手游),
F0000059,消灭星星-Popstar官方正版(手游),
F0000060,全民打怪兽(手游),
F0000061,全民农场(手游),http://shouyou.gamersky.com/ku/483156.shtml
F0000062,欢乐西游(手游),http://shouyou.gamersky.com/ku/483570.shtml
F0000063,仙剑奇侠传 官方手游(手游),http://shouyou.gamersky.com/ku/490180.shtml
F0000064,乱斗西游2(手游),
F0000065,女神联盟手游(手游),http://shouyou.gamersky.com/ku/581827.shtml
F0000066,捕鱼达人3(手游),
F0000067,暖暖环游世界(手游),http://shouyou.gamersky.com/ku/473444.shtml
F0000068,梅露可物语(手游),http://shouyou.gamersky.com/ku/588736.shtml
F0000069,小冰冰传奇（原名刀塔传奇）(手游),http://shouyou.gamersky.com/ku/381173.shtml
F0000070,天天富翁(手游),http://shouyou.gamersky.com/ku/474074.shtml
F0000071,全民枪战2(手游),
F0000072,糖果传奇(手游),
F0000073,影之刃(手游),http://shouyou.gamersky.com/ku/468755.shtml
F0000074,全民切水果(手游),http://shouyou.gamersky.com/ku/463443.shtml
F0000075,魔剑之刃(手游),http://shouyou.gamersky.com/ku/529649.shtml
F0000076,神雕侠侣移动版(手游),http://shouyou.gamersky.com/ku/580342.shtml
F0000077,天龙八部3D(手游),http://shouyou.gamersky.com/ku/483953.shtml
F0000078,神鬼幻想(手游),
F0000079,全民闯天下(手游),
F0000080,全民奇迹MU(手游),http://shouyou.gamersky.com/ku/583431.shtml
F0000081,全民突击(手游),http://shouyou.gamersky.com/ku/592285.shtml
F0000082,我叫MT2(手游),http://shouyou.gamersky.com/ku/546209.shtml
F0000083,航海王 启航(手游),http://shouyou.gamersky.com/ku/586540.shtml
F0000084,神武2(手游),http://shouyou.gamersky.com/ku/849915.shtml
F0000085,全民泡泡大战(手游),
F0000086,少年三国志(手游),http://shouyou.gamersky.com/ku/550391.shtml
F0000087,跑跑卡丁车手机版(手游),http://shouyou.gamersky.com/ku/494001.shtml
F0000088,奇迹暖暖(手游),http://shouyou.gamersky.com/z/qjnn/
F0000089,脑力达人(手游),http://shouyou.gamersky.com/ku/529117.shtml
F0000090,猫和老鼠：欢乐互动(手游),http://shouyou.gamersky.com/ku/588457.shtml
F0000091,九龙战―领地争夺战(手游),http://shouyou.gamersky.com/ku/621738.shtml
F0000092,花千骨(手游),http://shouyou.gamersky.com/ku/612473.shtml
F0000093,苍穹变(手游),http://shouyou.gamersky.com/ku/623518.shtml
F0000094,梦幻西游(手游),http://shouyou.gamersky.com/z/my/
F0000095,热血传奇(手游),http://shouyou.gamersky.com/ku/559830.shtml
F0000096,英雄杀(手游),http://shouyou.gamersky.com/ku/465851.shtml
F0000097,天天象棋腾讯版(手游),无
F0000098,大话西游(手游),http://shouyou.gamersky.com/ku/620591.shtml
F0000099,滑雪大冒险2(手游),http://shouyou.gamersky.com/ku/657489.shtml
F0000100,全民超神(手游),http://shouyou.gamersky.com/ku/643737.shtml
F0000101,王者荣耀(手游),http://shouyou.gamersky.com/z/wzry/
F0000102,秦时明月(手游),http://shouyou.gamersky.com/ku/465529.shtml
F0000103,六龙争霸3D(手游),http://shouyou.gamersky.com/ku/666321.shtml
F0000104,腾讯桌球(手游),
F0000105,苍翼之刃(手游),http://shouyou.gamersky.com/ku/521350.shtml
F0000106,驯龙战记3D(手游),
F0000107,时空之刃(手游),http://shouyou.gamersky.com/ku/657317.shtml
F0000108,天天酷跑3D(手游),http://shouyou.gamersky.com/z/ttkp3d/
F0000109,球球大作战(手游),http://shouyou.gamersky.com/ku/606461.shtml
F0000110,钢琴块2(手游),
F0000111,战斗吧剑灵(手游),http://shouyou.gamersky.com/z/bsm/
F0000112,穿越火线：枪战王者(手游),
F0000113,火影忍者(手游),http://shouyou.gamersky.com/z/hyrzol/
F0000114,天魔幻想(手游),http://shouyou.gamersky.com/ku/710119.shtml
F0000115,蜀山战纪之剑侠传奇(手游),
F0000116,问道(手游),http://shouyou.gamersky.com/z/wd/
F0000117,COK列王的纷争(手游),http://shouyou.gamersky.com/ku/592327.shtml
F0000118,拳皇98终极之战OL(手游),http://shouyou.gamersky.com/ku/623182.shtml
F0000119,射雕英雄传3D(手游),http://shouyou.gamersky.com/z/sd/
F0000120,倩女幽魂(手游),http://shouyou.gamersky.com/z/qnyhsy/
F0000121,征途-新秩序(手游),
F0000122,倚天屠龙记(手游),http://shouyou.gamersky.com/z/yt/
F0000123,保卫萝卜3(手游),http://shouyou.gamersky.com/z/luobo3/
F0000124,坦克之战(手游),
F0000125,新剑侠情缘(手游),
F0000126,天下(手游),http://shouyou.gamersky.com/z/tx/
F0000127,神魔圣域(手游),http://shouyou.gamersky.com/ku/757981.shtml
F0000128,皮皮四川麻将(手游),
F0000129,全民斗战神(手游),http://shouyou.gamersky.com/ku/776304.shtml
F0000130,心动劲舞团(手游),http://shouyou.gamersky.com/ku/756661.shtml
F0000131,贪吃蛇大作战(手游),http://shouyou.gamersky.com/ku/814744.shtml
F0000132,九阴真经3D(手游),http://shouyou.gamersky.com/ku/759709.shtml
F0000133,御龙在天(手游),http://shouyou.gamersky.com/z/ylzt/
F0000134,汤姆猫跑酷(手游),
F0000135,阴阳师(手游),http://shouyou.gamersky.com/z/yys/
F0000136,剑侠世界2(手游),http://shouyou.gamersky.com/z/jxsj2/
F0000137,崩坏3(手游),http://shouyou.gamersky.com/z/bh3/
F0000138,街球联盟(手游),http://shouyou.gamersky.com/ku/841315.shtml
F0000139,艾希（手游）,
F0000140,梦幻诛仙(手游),http://shouyou.gamersky.com/z/mhzx/
F0000141,街篮(手游),http://shouyou.gamersky.com/z/jlzt/
F0000142,欢乐炸金花(手游),
F0000143,不思议迷宫(手游),http://shouyou.gamersky.com/z/gumballs/
F0000144,海滨消消乐(手游),
F0000145,传奇世界(手游),http://shouyou.gamersky.com/z/cqsj/
F0000146,街头篮球(手游),http://shouyou.gamersky.com/z/jtlq/
F0000147,镇魔曲(手游),http://shouyou.gamersky.com/z/zm/
F0000148,仙境传说RO：冒险者(手游),
F0000149,QQ欢乐斗地主(手游),
F0000150,地铁跑酷(手游),http://shouyou.gamersky.com/ku/390315.shtml
F0000151,滚动的天空(手游),http://shouyou.gamersky.com/ku/711984.shtml
F0000152,猎鱼达人(手游),http://shouyou.gamersky.com/ku/833006.shtml
F0000153,龙之谷(手游),http://shouyou.gamersky.com/z/dnqq/
F0000154,光明大陆(手游),http://shouyou.gamersky.com/z/land/
F0000155,仙剑奇侠传Online(手游),http://shouyou.gamersky.com/z/pal/
F0000156,弹弹堂（腾讯）(手游),http://shouyou.gamersky.com/ku/880557.shtml
F0000157,热血江湖(手游),http://shouyou.gamersky.com/ku/853333.shtml
F0000158,秘宝猎人(手游),http://shouyou.gamersky.com/z/mblr/
F0000159,封神英雄榜(手游),
F0000160,宾果消消消(手游),
F0000161,凡人修仙传(手游),
F0000162,天龙八部手游(手游),http://shouyou.gamersky.com/z/tlbb/
F0000163,碧蓝航线(手游),http://shouyou.gamersky.com/z/blhx/
F0000164,魂斗罗:归来(手游),http://shouyou.gamersky.com/z/hdl/
F0000165,魔法门之英雄无敌：战争纪元 (手游),http://shouyou.gamersky.com/z/yxwd/
F0000166,跳舞的线(手游),
F0000167,轩辕传奇(手游),http://shouyou.gamersky.com/ku/920612.shtml
F0000168,射雕英雄传手游(手游),http://shouyou.gamersky.com/ku/884722.shtml
F0000169,迷你世界(手游),
F0000170,最逵蜗2(手游),http://shouyou.gamersky.com/ku/703076.shtml
F0000171,寻仙(手游),http://shouyou.gamersky.com/ku/923020.shtml
F0000172,仙剑奇侠传五(手游),
F0000173,大天使之剑H5(手游),
F0000174,魔法禁书目录(手游),http://shouyou.gamersky.com/z/mfjsml/
F0000175,乱世王者(手游),http://shouyou.gamersky.com/z/slg/
F0000176,元气封神(手游),http://shouyou.gamersky.com/z/yqfs/
F0000177,荒野行动(手游),http://shouyou.gamersky.com/z/hyxd/
F0000178,终结者2:审判日(手游),http://shouyou.gamersky.com/z/t2/
F0000179,小米枪战：战场前线(手游),http://shouyou.gamersky.com/z/gun/
F0000180,QQ飞车(手游),http://shouyou.gamersky.com/z/speedm/
F0000181,恋与制作人(手游),http://shouyou.gamersky.com/z/evol/
F0000182,光荣使命：使命行动(手游),http://shouyou.gamersky.com/z/grsmtx/
F0000183,斗战神（端游）,http://ku.gamersky.com/2013/ASURA/
F0000184,笑傲江湖OL（端游）,http://ku.gamersky.com/2015/swordsman-online/
F0000185,古剑奇谭（端游）,http://ku.gamersky.com/2010/GuJian/
F0000186,征途2（端游）,
F0000187,梦幻西游（端游）,
F0000188,qq飞车（端游）,http://ku.gamersky.com/2008/QQ-Speed/
F0000189,梦三国（端游）,
F0000190,诛仙（端游）,
F0000191,御龙在天（端游）,http://ku.gamersky.com/2012/Yu-Long-Zai-Tian/
F0000192,完美世界（端游）,http://ku.gamersky.com/2005/World2/
F0000193,剑网3（端游）,
F0000194,九阴真经（端游）,http://ku.gamersky.com/2012/Age-of-Wushu/
F0000195,轩辕剑6（端游）,http://ku.gamersky.com/2013/Xuan-Yuan-Sword-6/
F0000196,武林外传（端游）,
F0000197,梦幻西游2（电脑版）,http://ku.gamersky.com/2013/Meng-Huan-Xi-You-2/
F0000198,300英雄（端游）,http://ku.gamersky.com/2013/300-heroes/
F0000199,神雕侠侣（端游）,
F0000200,光荣使命（端游）,http://ku.gamersky.com/2012/Guang-Rong-Shi-Ming/
F0000201,梦三国2（端游）,http://ku.gamersky.com/2015/Meng-San-Guo-2/
F0000202,仙剑奇侠传6（端游）,http://ku.gamersky.com/2015/pal6/
F0000203,轩辕剑外传：穹之扉（端游）,http://ku.gamersky.com/2015/XuanYuan-Sword-Gate-of-the-Sky/
F0000204,天涯明月刀（端游）,http://ku.gamersky.com/2014/The-Magic-Blade-Online/
F0000205,刀剑2（端游）,http://ku.gamersky.com/2011/Blade-Sword-II/
F0000206,大话西游2（端游）,http://ku.gamersky.com/2014/Da-Hua-Xi-You-2-The-Free-Version/
F0000207,枪神纪（端游）,http://ku.gamersky.com/2014/Age-of-Tpser-Online/
F0000208,侠客风云传（端游）,http://ku.gamersky.com/2014/Wu-Lin-Qun-Xia-Zhuan-2/
F0000209,古剑奇谭2（端游）,http://ku.gamersky.com/2013/GuJian2/
F0000210,洛川群侠传（端游）,http://ku.gamersky.com/2015/luo-chuan-qun-xia-zhuan/
F0000211,失落城堡（端游）,http://ku.gamersky.com/2016/lost-castle/
F0000212,符石守护者（端游）,http://ku.gamersky.com/2015/Runestone-Keeper/
F0000213,返校（端游）,
F0000214,黑暗与光明（端游）,http://ku.gamersky.com/2016/dark-and-light/
F0000215,天谕（端游）,
F0000216,高考恋爱一百天（端游）,http://ku.gamersky.com/2014/Gao-Kao-Lian-Ai-Yi-Bai-Tian/
F0000217,大天使之剑（页游）,
F0000218,传奇霸业（页游）,
F0000219,神仙道（页游）,
F0000220,热血三国系列（页游）,
F0000221,七雄争霸（页游）,
F0000222,烽火战国（页游）,
F0000223,凡人修真（页游）,
F0000224,三国乱世（页游）,
F0000234,,http://shouyou.gamersky.com/ku/986856.shtml
F0000235,,http://shouyou.gamersky.com/ku/848187.shtml
F0000236,,http://shouyou.gamersky.com/ku/964716.shtml
F0000237,,http://shouyou.gamersky.com/ku/871977.shtml
F0000238,,
F0000239,,
F0000240,,http://shouyou.gamersky.com/ku/597516.shtml
F0000241,,http://shouyou.gamersky.com/ku/988441.shtml
F0000242,,
F0000243,,
F0000244,,http://shouyou.gamersky.com/ku/393669.shtml
F0000245,,http://shouyou.gamersky.com/ku/1017268.shtml
F0000246,,http://shouyou.gamersky.com/ku/1000626.shtml
F0000247,,http://shouyou.gamersky.com/ku/918808.shtml
F0000248,,http://shouyou.gamersky.com/ku/986362.shtml
F0000249,,http://shouyou.gamersky.com/ku/1003327.shtml
F0000250,,http://shouyou.gamersky.com/ku/1004993.shtml
F0000251,,http://shouyou.gamersky.com/ku/928790.shtml
F0000252,,http://shouyou.gamersky.com/ku/586970.shtml
F0000253,,http://shouyou.gamersky.com/ku/995262.shtml
F0000254,,http://shouyou.gamersky.com/ku/995228.shtml
F0000255,,http://shouyou.gamersky.com/ku/975183.shtml
F0000256,,http://shouyou.gamersky.com/ku/915425.shtml
F0000257,,http://shouyou.gamersky.com/ku/1082822.shtml
F0000258,,https://shouyou.gamersky.com/ku/707827.shtml/
F0000259,,http://shouyou.gamersky.com/ku/1004143.shtml
F0000260,,http://shouyou.gamersky.com/ku/958488.shtml
F0000261,,http://shouyou.gamersky.com/ku/645712.shtml
F0000262,,http://shouyou.gamersky.com/ku/840744.shtml
F0000263,,http://ku.gamersky.com/2016/ni-shui-han/
F0000264,途游斗地主（手游）,
F0000265,开心跳一跳（手游）,
F0000266,王牌战争（手游）,http://shouyou.gamersky.com/ku/998789.shtml
F0000267,联众天天斗地主（手游）,
F0000268,中国象棋-cnvcs（手游）,http://shouyou.gamersky.com/ku/383674.shtml
F0000269,逃跑吧！少年（手游）,
F0000270,开心斗（手游）,
F0000271,同桌游戏（手游）,
F0000272,一跳到底（手游）,
F0000273,疯狂的球球2（手游）,
F0000274,叶罗丽精灵梦（手游）,
F0000275,波克棋牌（手游）,
F0000276,神都夜行录（手游）,http://shouyou.gamersky.com/ku/954617.shtml
F0000277,初音未来：梦幻歌姬（手游）,http://shouyou.gamersky.com/ku/975607.shtml
F0000278,全民冠军足球（手游）,http://shouyou.gamersky.com/ku/1055818.shtml
F0000279,斗破苍穹：斗帝之路（手游）,http://shouyou.gamersky.com/ku/1044414.shtml
F0000280,神武3（手游）,http://shouyou.gamersky.com/ku/971992.shtml
F0000281,太吾绘卷（端游）,
F0000282,中国式家长（端游）,
F0000283,六月斗地主（手游）,
F0000284,联众斗地主（手游）,
F0000285,疯狂的球球（手游）,
F0000286,红警OL（手游）,http://shouyou.gamersky.com/ku/1040325.shtml
F0000287,航海王：燃烧意志（手游）,http://shouyou.gamersky.com/ku/931793.shtml
F0000288,走出去：归途24小时（手游）,
F0000289,一零计划（手游）,http://shouyou.gamersky.com/ku/964870.shtml
F0000290,买房记（手游）,http://shouyou.gamersky.com/ku/820604.shtml
F0000291,还有这种操作2（手游）,
F0000292,长生劫（手游）,http://shouyou.gamersky.com/ku/866958.shtml
F0000293,河洛群侠传（端游）,http://ku.gamersky.com/2018/he-luo-qun-xia-zhuan/
F0000294,汉家江湖（手游）,http://shouyou.gamersky.com/ku/899369.shtml
F0000295,全职旅团（手游）,
F0000296,新诛仙（手游）,
F0000297,放置江湖（手游）,http://shouyou.gamersky.com/ku/777563.shtml
F0000298,阿瑞斯病毒（手游）,http://shouyou.gamersky.com/ku/1031774.shtml
F0000299,妖怪正传（手游）,http://shouyou.gamersky.com/ku/975545.shtml
F0000300,方舟指令（手游）,http://shouyou.gamersky.com/ku/1099080.shtml
F0000301,超进化物语（手游）,http://shouyou.gamersky.com/ku/919227.shtml
F0000302,will：美好世界（端游）,http://ku.gamersky.com/2016/will-a-wonderful-world/
F0000303,单机麻将-西安同启通讯（手游）,
F0000304,中国象棋-LemonChess（手游）,
F0000305,博雅中国象棋（手游）,
F0000306,多乐保皇（手游）,
F0000307,明日之后（手游）,http://shouyou.gamersky.com/ku/945452.shtml
F0000308,时之歌（手游）,
F0000309,轩辕剑online（手游）,http://shouyou.gamersky.com/ku/1046527.shtml
F0000310,战舰世界：闪击战（手游）,http://shouyou.gamersky.com/ku/930153.shtml
F0000311,火影忍者OL（手游）,http://shouyou.gamersky.com/ku/1052708.shtml
F0000312,光明勇士（手游）,http://shouyou.gamersky.com/ku/1070175.shtml
F0000313,求生之战（手游）,http://shouyou.gamersky.com/ku/1029453.shtml
F0000314,九黎（手游）,http://shouyou.gamersky.com/ku/935150.shtml
F0000315,永远的7日之都（手游）,http://shouyou.gamersky.com/ku/819504.shtml
F0000316,大中华食堂（手游）,http://shouyou.gamersky.com/ku/963905.shtml
F0000317,末日远征（手游）,
F0000318,古剑奇谭3（端游）,https://down.gamersky.com/pc/201811/1124074.shtml
