来源,产品名称,腾讯视频
B0000488,无名之辈,
B0000489,中国蓝盔,
B0000490,你好，之华,
B0000491,恐龙王,
B0000492,冰封侠：时空行者,
B0000493,影,
B0000494,你美丽了我的人生,
B0000495,黑暗迷宫,
B0000496,邪不压正,http://v.qq.com/detail/k/ki0r21vwmy1aga2.html
B0000497,我不是药神,http://v.qq.com/detail/o/og0eputlxwet1cn.html
B0000498,西虹市首富,
B0000499,悲伤逆流成河,http://v.qq.com/detail/4/4myi5m71d14pdmr.html
B0000500,忍者通告,http://v.qq.com/detail/a/au5udnv84ca89q5.html
B0000501,张艺谋和他的“影”,http://v.qq.com/detail/9/9k7i7hrfxz4ivsf.html
B0000502,反贪风暴3,http://v.qq.com/detail/h/hj9nq705tkej1i4.html
B0000503,四大名捕之入梦妖灵,
B0000504,黄金兄弟,http://v.qq.com/detail/u/u8otr8lht6o3y1f.html
B0000505,药仙,http://v.qq.com/detail/6/6klzabvnz0broww.html
B0000506,记忆折叠,http://v.qq.com/detail/4/46q404d2d50kb7f.html
B0000507,擒贼先擒王,http://v.qq.com/detail/1/1r26e6h4zqfdvpz.html
B0000508,千门女王之螳螂捕蝉,http://v.qq.com/detail/u/u8f60b3qinqjd4k.html
A0000501,你和我的倾城时光,https://v.qq.com/detail/b/b9zi5maye7limaw.html
A0000502,将夜,https://v.qq.com/detail/r/rpup19lfbuf2skc.html
A0000503,原来你还在这里,
A0000504,人不彪悍枉少年,https://v.qq.com/detail/i/i8wue9gam2mewxf.html
A0000505,幸福一家人,
A0000506,我们的四十年,https://v.qq.com/detail/s/svv42xatryj9w31.html
A0000507,我的保姆手册,
A0000508,兄弟,
A0000509,回到明朝当王爷之杨凌传,
A0000510,火王之破晓之战,
A0000511,千门江湖之诡面疑云,
A0000512,唐砖,
A0000513,镇魂,
A0000514,是_的，法官阁下,
A0000515,跳跃生命线,