来源,产品名称,知乎
B0000488,无名之辈,https://movie.douban.com/subject/27110296/
B0000489,中国蓝盔,https://movie.douban.com/subject/27102739/
B0000490,你好，之华,https://movie.douban.com/subject/27615233/
B0000491,恐龙王,https://movie.douban.com/subject/30323188/
B0000492,冰封侠：时空行者,https://movie.douban.com/subject/25300674/
B0000493,影,https://movie.douban.com/subject/4864908/
B0000494,你美丽了我的人生,https://movie.douban.com/subject/26985916/
B0000495,黑暗迷宫,https://movie.douban.com/subject/26715845/
B0000496,邪不压正,https://movie.douban.com/subject/26366496/
B0000497,我不是药神,https://movie.douban.com/subject/26752088/
B0000498,西虹市首富,https://movie.douban.com/subject/27605698/
B0000499,悲伤逆流成河,https://movie.douban.com/subject/27102569/
B0000500,忍者通告,https://movie.douban.com/subject/27192294/
B0000501,张艺谋和他的“影”,https://movie.douban.com/subject/30255138/
B0000502,反贪风暴3,https://movie.douban.com/subject/26996640/
B0000503,四大名捕之入梦妖灵,https://movie.douban.com/subject/30353480/
B0000504,黄金兄弟,https://movie.douban.com/subject/27069427/
B0000505,药仙,https://movie.douban.com/subject/27034702/
B0000506,记忆折叠,https://movie.douban.com/subject/27614899/
B0000507,擒贼先擒王,https://movie.douban.com/subject/30176809/
B0000508,千门女王之螳螂捕蝉,https://movie.douban.com/subject/30346102/