product_number,²úÆ·Ãû³Æ,¶¹°êÍøÖ·
BC0001,,https://movie.douban.com/subject/25728725/
BC0002,,https://movie.douban.com/subject/24699332/
BC0003,,https://movie.douban.com/subject/25869883/
BC0004,,https://movie.douban.com/subject/26370978/
BC0005,,https://movie.douban.com/subject/25981049/
BC0006,,https://movie.douban.com/subject/26415263/
BC0007,,https://movie.douban.com/subject/26790196/
BC0008,,https://movie.douban.com/subject/26878993/
BC0009,,https://movie.douban.com/subject/26653371/
BC0010,,https://movie.douban.com/subject/26377689/
BC0011,,https://movie.douban.com/subject/25963281/
BC0012,,https://movie.douban.com/subject/26874501/
BC0013,,https://movie.douban.com/subject/26304927/
BC0014,,https://movie.douban.com/subject/26386738/
BC0015,,https://movie.douban.com/subject/25827882/
BC0016,,https://movie.douban.com/subject/26410673/
BC0017,,https://movie.douban.com/subject/21264276/
BC0018,,https://movie.douban.com/subject/26596216/
BC0019,,https://movie.douban.com/subject/26235195/
BC0020,,https://movie.douban.com/subject/26613447/
BC0021,,https://movie.douban.com/subject/26637891/
BC0022,,https://movie.douban.com/subject/26647067/
BC0023,,https://movie.douban.com/subject/26831295/
BC0024,,https://movie.douban.com/subject/26415258/
BC0025,,https://movie.douban.com/subject/26633276/
BC0026,,https://movie.douban.com/subject/26253985/
BC0027,,https://movie.douban.com/subject/26351026/
BC0028,,https://movie.douban.com/subject/25943138/
BC0029,,https://movie.douban.com/subject/6534075/
BC0030,,https://movie.douban.com/subject/26169436/
BC0031,,https://movie.douban.com/subject/26106893/
BC0032,,https://movie.douban.com/subject/26274135/
BC0033,,https://movie.douban.com/subject/26638493/
BC0034,,https://movie.douban.com/subject/25949985/
BC0035,,https://movie.douban.com/subject/26782000/
BC0036,,https://movie.douban.com/subject/26427148/
BC0037,,https://movie.douban.com/subject/25975253/
BC0038,,https://movie.douban.com/subject/26849173/
BC0039,,https://movie.douban.com/subject/26429845/
BC0040,,https://movie.douban.com/subject/25923508/
BC0041,,https://movie.douban.com/subject/25809281/
BC0042,,https://movie.douban.com/subject/26745186/
BC0043,,https://movie.douban.com/subject/25754827/
BC0044,,https://movie.douban.com/subject/19971595/
BC0045,,https://movie.douban.com/subject/25758703/
BC0046,,https://movie.douban.com/subject/24526775/
BC0047,,https://movie.douban.com/subject/26430407/
BC0048,,https://movie.douban.com/subject/25861615/
BC0049,,https://movie.douban.com/subject/26796680/
BC0050,,https://movie.douban.com/subject/26257314/
BC0051,,https://movie.douban.com/subject/26088475/
BC0052,,https://movie.douban.com/subject/25857432/
BC0053,,https://movie.douban.com/subject/24296919/
BC0054,,https://movie.douban.com/subject/24846483/
BC0055,,https://movie.douban.com/subject/26638460/
BC0056,,https://movie.douban.com/subject/26591082/
BC0057,,https://movie.douban.com/subject/26638074/
BC0058,,https://movie.douban.com/subject/26339488/
BC0059,,https://movie.douban.com/subject/26848493/
BC0060,,https://movie.douban.com/subject/20503544/
BC0061,,https://movie.douban.com/subject/26269534/
BC0062,,https://movie.douban.com/subject/26600261/
BC0063,,https://movie.douban.com/subject/26637871/
BC0064,,https://movie.douban.com/subject/26614136/
BC0065,,https://movie.douban.com/subject/26614137/
BC0066,,https://movie.douban.com/subject/26415257/
BC0067,,https://movie.douban.com/subject/26583629/
BC0068,,https://movie.douban.com/subject/26715579/
BC0069,,https://movie.douban.com/subject/25772457/
BC0070,,https://movie.douban.com/subject/26614084/
BC0071,,https://movie.douban.com/subject/26776472/
BC0072,,https://movie.douban.com/subject/26946449/
BC0073,,https://movie.douban.com/subject/26661078/
BC0074,,https://movie.douban.com/subject/26815156/
BC0075,,https://movie.douban.com/subject/26425495/
BC0076,,https://movie.douban.com/subject/26363170/
BC0077,,https://movie.douban.com/subject/26594416/
BC0078,,https://movie.douban.com/subject/26724333/
BC0079,,https://movie.douban.com/subject/26844134/
BC0080,,https://movie.douban.com/subject/6888715/
BC0081,,https://movie.douban.com/subject/25963271/
BC0082,,https://movie.douban.com/subject/26806029/
BC0083,,https://movie.douban.com/subject/26949213/
BC0084,,https://movie.douban.com/subject/26861688/
BC0085,,https://movie.douban.com/subject/26108041/
BC0086,,https://movie.douban.com/subject/26816558/
BC0087,,https://movie.douban.com/subject/26287786/
BC0088,,https://movie.douban.com/subject/26795042/
BC0089,,https://movie.douban.com/subject/26879740/
BC0090,,https://movie.douban.com/subject/26411410/
BC0091,,https://movie.douban.com/subject/26752098/
BC0092,,https://movie.douban.com/subject/26696085/
BC0093,,https://movie.douban.com/subject/26369809/
BC0094,,https://movie.douban.com/subject/26743546/
BC0095,,https://movie.douban.com/subject/26861630/
BC0096,,https://movie.douban.com/subject/25853693/
BC0097,,https://movie.douban.com/subject/26715635/
BC0098,,https://movie.douban.com/subject/26611088/
BC0099,,https://movie.douban.com/subject/26883910/
BC0100,,https://movie.douban.com/subject/26425605/
BC0101,,https://movie.douban.com/subject/25764373/
BC0102,,https://movie.douban.com/subject/26933050/
BC0103,,https://movie.douban.com/subject/26969720/
BC0104,,https://movie.douban.com/subject/26761295/
BC0105,,https://movie.douban.com/subject/20388193/
BC0106,,https://movie.douban.com/subject/26926323/
BC0107,,https://movie.douban.com/subject/26022267/
BC0108,,https://movie.douban.com/subject/6527263/
BC0109,,https://movie.douban.com/subject/26745559/
BC0110,,https://movie.douban.com/subject/26974599/
BC0111,,https://movie.douban.com/subject/26918907/
BC0112,,https://movie.douban.com/subject/26638502/
BC0113,,https://movie.douban.com/subject/26918876/
BC0114,,https://movie.douban.com/subject/26807650/
BC0115,,https://movie.douban.com/subject/26597756/
BC0116,,https://movie.douban.com/subject/26928826/
BC0117,,https://movie.douban.com/subject/24772954/
BC0118,,https://movie.douban.com/subject/25762396/
BC0119,,https://movie.douban.com/subject/26274137/
BC0120,,https://movie.douban.com/subject/26746541/
BC0121,,https://movie.douban.com/subject/26592987/
BC0122,,https://movie.douban.com/subject/26425610/
BC0123,,https://movie.douban.com/subject/26298041/
BC0124,,https://movie.douban.com/subject/26579213/
BC0125,,https://movie.douban.com/subject/26910048/
BC0126,,https://movie.douban.com/subject/27144993/
BC0127,,https://movie.douban.com/subject/27134806/
BC0128,,https://movie.douban.com/subject/26990086/
BC0129,,https://movie.douban.com/subject/27002023/
BC0130,,https://movie.douban.com/subject/27001997/
BC0131,,https://movie.douban.com/subject/27084126/
BC0132,,https://movie.douban.com/subject/26992031/
BC0133,,https://movie.douban.com/subject/27018246/
BC0134,,https://movie.douban.com/subject/26637887/
BC0135,,https://movie.douban.com/subject/27112952/
BC0136,,https://movie.douban.com/subject/26661003/
BC0137,,https://movie.douban.com/subject/26898906/
BC0138,,https://movie.douban.com/subject/26961209/
BC0139,,https://movie.douban.com/subject/26878430/
BC0140,,https://movie.douban.com/subject/26344892/
BC0141,,https://movie.douban.com/subject/26811778/
BC0142,,https://movie.douban.com/subject/26857977/
BC0143,,https://movie.douban.com/subject/26939227/
BC0144,,https://movie.douban.com/subject/26984572/
BC0145,,https://movie.douban.com/subject/26930540/
BC0146,,https://movie.douban.com/subject/27026077/
BC0147,,https://movie.douban.com/subject/26878097/
BC0148,,https://movie.douban.com/subject/27102644/
BC0149,,https://movie.douban.com/subject/27030602/
BC0150,,https://movie.douban.com/subject/26969092/
BC0151,,https://movie.douban.com/subject/26894585/
BC0152,,https://movie.douban.com/subject/26865362/
BC0153,,https://movie.douban.com/subject/27056299/
BC0154,,https://movie.douban.com/subject/26949276/
BC0155,,https://movie.douban.com/subject/27032338/
BC0156,,https://movie.douban.com/subject/26883372/
BC0157,,https://movie.douban.com/subject/26909955/
BC0158,,https://movie.douban.com/subject/26708488/
BC0159,,https://movie.douban.com/subject/26982797/
BC0160,,https://movie.douban.com/subject/26992119/
BC0161,,https://movie.douban.com/subject/26967907/
BC0163,,https://movie.douban.com/subject/26934342/
BC0164,,https://movie.douban.com/subject/26658517/
BC0165,,https://movie.douban.com/subject/26762747/
BC0166,,https://movie.douban.com/subject/26759517/
BC0167,,https://movie.douban.com/subject/26787091/
BC0168,,https://movie.douban.com/subject/26873793/
BC0169,,https://movie.douban.com/subject/10439239/
BC0170,,https://movie.douban.com/subject/26427122/
BC0171,,https://movie.douban.com/subject/26884291/
BC0172,,https://movie.douban.com/subject/27173064/
BC0173,,https://movie.douban.com/subject/25923576/
BC0174,,https://movie.douban.com/subject/25984019/
BC0175,,https://movie.douban.com/subject/26638511/
BC0176,,https://movie.douban.com/subject/26427149/
BC0177,,https://movie.douban.com/subject/26410652/
BC0178,,https://movie.douban.com/subject/27119575/
BC0179,,https://movie.douban.com/subject/30171431/
BC0180,,https://movie.douban.com/subject/26596161/
BC0181,,https://movie.douban.com/subject/27180758/
BC0182,,https://movie.douban.com/subject/26969029/
BC0183,,https://movie.douban.com/subject/27029233/
BC0184,,https://movie.douban.com/subject/26924106/
BC0185,,https://movie.douban.com/subject/28472279/
BC0186,,https://movie.douban.com/subject/27617135/
BC0187,,https://movie.douban.com/subject/24846482/
BC0188,,https://movie.douban.com/subject/10827293/
BC0189,,https://movie.douban.com/subject/27067943/
BC0190,,https://movie.douban.com/subject/26984224/
BC0191,,https://movie.douban.com/subject/27002007/
BC0192,,https://movie.douban.com/subject/30163000/
BC0193,,https://movie.douban.com/subject/30200988/
BC0194,,https://movie.douban.com/subject/30227821/
BC0195,,https://movie.douban.com/subject/27099214/
BC0196,,https://movie.douban.com/subject/26657836/
BC0197,,https://movie.douban.com/subject/30270533/
BC0198,,https://movie.douban.com/subject/30249030/
A0000162,,https://movie.douban.com/subject/26269515/
A0000181,,https://movie.douban.com/subject/26125672/
A0000183,,https://movie.douban.com/subject/26430092/
A0000185,,https://movie.douban.com/subject/26363830/
A0000186,,https://movie.douban.com/subject/26602244/
A0000187,,https://movie.douban.com/subject/26427831/
A0000188,,https://movie.douban.com/subject/26802975/
A0000189,,https://movie.douban.com/subject/26345137/
A0000190,,https://movie.douban.com/subject/26674019/
A0000191,,https://movie.douban.com/subject/20444535/
A0000195,,https://movie.douban.com/subject/26391976/
A0000196,,https://movie.douban.com/subject/26322643/
A0000198,,https://movie.douban.com/subject/26322639/
A0000199,,https://movie.douban.com/subject/26287804/
A0000201,,https://movie.douban.com/subject/26614086/
A0000203,,https://movie.douban.com/subject/26594404/
A0000206,,https://movie.douban.com/subject/26415259/
A0000207,,https://movie.douban.com/subject/26675616/
A0000208,,https://movie.douban.com/subject/26640851/
A0000212,,https://movie.douban.com/subject/26428938/
A0000214,,https://movie.douban.com/subject/25926756/
A0000215,,https://movie.douban.com/subject/26605913/
A0000216,,https://movie.douban.com/subject/26575848/
A0000218,,https://movie.douban.com/subject/26757049/
A0000219,,https://movie.douban.com/subject/24859459/
A0000220,,https://movie.douban.com/subject/26358588/
A0000223,,https://movie.douban.com/subject/26674023/
A0000229,,https://movie.douban.com/subject/24756649/
A0000232,,https://movie.douban.com/subject/26596159/
A0000233,,https://movie.douban.com/subject/26163266/
A0000235,,https://movie.douban.com/subject/26377690/
A0000238,,https://movie.douban.com/subject/26609692/
A0000239,,https://movie.douban.com/subject/26585909/
A0000240,,https://movie.douban.com/subject/25911806/
A0000244,,https://movie.douban.com/subject/26727273/
A0000246,,https://movie.douban.com/subject/26743573/
A0000247,,https://movie.douban.com/subject/26322642/
A0000249,,https://movie.douban.com/subject/26358696/
A0000253,,https://movie.douban.com/subject/26842672/
A0000254,,https://movie.douban.com/subject/26752700/
A0000255,,https://movie.douban.com/subject/26734684/
A0000256,,https://movie.douban.com/subject/26637890/
A0000258,,https://movie.douban.com/subject/26662489/
A0000259,,https://movie.douban.com/subject/26868392/
A0000261,,https://movie.douban.com/subject/26805211/
A0000262,,https://movie.douban.com/subject/25960721/
A0000268,,https://movie.douban.com/subject/26683725/
A0000270,,https://movie.douban.com/subject/26861629/
A0000273,,https://movie.douban.com/subject/26685864/
A0000275,,https://movie.douban.com/subject/26682195/
A0000276,,https://movie.douban.com/subject/26754618/
A0000277,,https://movie.douban.com/subject/26883064/
A0000279,,https://movie.douban.com/subject/26640865/
A0000280,,https://movie.douban.com/subject/26303062/
A0000281,,https://movie.douban.com/subject/26648963/
A0000282,,https://movie.douban.com/subject/25804529/
A0000286,,https://movie.douban.com/subject/26830891/
A0000287,,https://movie.douban.com/subject/26801053/
A0000289,,https://movie.douban.com/subject/26691325/
A0000291,,https://movie.douban.com/subject/27008416/
A0000292,,https://movie.douban.com/subject/26700516/
A0000293,,https://movie.douban.com/subject/27041379/
A0000296,,https://movie.douban.com/subject/26887181/
A0000302,,https://movie.douban.com/subject/27089479/
A0000303,,https://movie.douban.com/subject/27088995/
A0000304,,https://movie.douban.com/subject/26615514/
A0000305,,https://movie.douban.com/subject/27113671/
A0000306,,https://movie.douban.com/subject/27119571/
A0000310,,https://movie.douban.com/subject/26235196/
A0000311,,https://movie.douban.com/subject/26857956/
A0000312,,https://movie.douban.com/subject/26827680/
A0000313,,https://movie.douban.com/subject/26741833/
A0000314,,https://movie.douban.com/subject/26274138/
A0000318,,https://movie.douban.com/subject/30163730/
A0000319,,https://movie.douban.com/subject/30227505/
A0000320,,https://movie.douban.com/subject/27203019/
A0000321,,https://movie.douban.com/subject/27125544/
A0000322,,https://movie.douban.com/subject/26761299/
A0000325,,https://movie.douban.com/subject/27063398/
A0000326,,https://movie.douban.com/subject/26963224/
A0000327,,https://movie.douban.com/subject/27124505/
A0000329,,https://movie.douban.com/subject/26592988/
A0000331,,https://movie.douban.com/subject/26776469/
A0000332,,https://movie.douban.com/subject/30155194/
A0000333,,https://movie.douban.com/subject/26839485/
A0000334,,https://movie.douban.com/subject/26311907/
A0000335,,https://movie.douban.com/subject/26974046/
A0000337,,https://movie.douban.com/subject/27002018/
A0000342,,https://movie.douban.com/subject/26839513/
A0000343,,https://movie.douban.com/subject/26727942/
A0000345,,https://movie.douban.com/subject/26708490/
A0000349,,https://movie.douban.com/subject/26724134/
A0000350,,https://movie.douban.com/subject/27185556/
A0000352,,https://movie.douban.com/subject/27034838/
A0000355,,https://movie.douban.com/subject/27083672/
A0000357,,https://movie.douban.com/subject/26919019/
A0000358,,https://movie.douban.com/subject/26584874/
A0000360,,https://movie.douban.com/subject/27113676/
A0000361,,https://movie.douban.com/subject/26744053/
A0000363,,https://movie.douban.com/subject/27186571/
A0000364,,https://movie.douban.com/subject/26581830/
A0000365,,https://movie.douban.com/subject/27148204/
A0000366,,https://movie.douban.com/subject/26765222/
A0000367,,https://movie.douban.com/subject/26770649/
A0000368,,https://movie.douban.com/subject/26860788/
A0000372,,https://movie.douban.com/subject/26972555/
A0000373,,https://movie.douban.com/subject/30156077/
A0000376,,https://movie.douban.com/subject/27663966/
A0000377,,https://movie.douban.com/subject/26956042/
A0000381,,https://movie.douban.com/subject/26827972/
A0000382,,https://movie.douban.com/subject/26979088/
A0000383,,https://movie.douban.com/subject/30158068/
A0000384,,https://movie.douban.com/subject/27018233/
A0000390,,https://movie.douban.com/subject/26972554/
A0000391,,https://movie.douban.com/subject/27115272/
A0000394,,https://movie.douban.com/subject/26689427/
A0000395,,https://movie.douban.com/subject/26979216/
A0000396,,https://movie.douban.com/subject/27194636/
A0000398,,https://movie.douban.com/subject/27041389/
A0000403,,https://movie.douban.com/subject/26743566/
A0000406,,https://movie.douban.com/subject/26811528/
A0000407,,https://movie.douban.com/subject/27119570/
A0000409,,https://movie.douban.com/subject/26219676/
A0000410,,https://movie.douban.com/subject/30122584/
A0000414,,https://movie.douban.com/subject/26882225/
A0000415,,https://movie.douban.com/subject/26913955/
A0000416,,https://movie.douban.com/subject/30237422/
A0000418,,https://movie.douban.com/subject/27114843/
A0000421,,https://movie.douban.com/subject/26909957/
A0000423,,https://movie.douban.com/subject/26394155/
A0000424,,https://movie.douban.com/subject/26630706/
A0000425,,https://movie.douban.com/subject/27084057/
A0000426,,https://movie.douban.com/subject/30214054/
A0000428,,https://movie.douban.com/subject/27176635/
A0000429,,https://movie.douban.com/subject/26873807/
A0000431,,https://movie.douban.com/subject/25845956/
A0000435,,https://movie.douban.com/subject/27034587/
A0000441,,https://movie.douban.com/subject/27034586/
A0000442,,https://movie.douban.com/subject/27126973/
A0000444,,https://movie.douban.com/subject/26855827/
A0000445,,https://movie.douban.com/subject/27198145/
A0000446,,https://movie.douban.com/subject/27143690/
A0000448,,https://movie.douban.com/subject/27197312
A0000451,,https://movie.douban.com/subject/27005982/
A0000453,,https://movie.douban.com/subject/27119802
A0000454,,https://movie.douban.com/subject/26839477
A0000455,,https://movie.douban.com/subject/27108737/
A0000457,,https://movie.douban.com/subject/26219653/
A0000459,,https://movie.douban.com/subject/26710256
A0000461,,https://movie.douban.com/subject/27098654/
A0000462,,https://movie.douban.com/subject/26759517/
A0000463,,https://movie.douban.com/subject/25735641/
A0000464,,https://movie.douban.com/subject/26974779/
A0000465,,https://movie.douban.com/subject/27180959/
A0000466,,https://movie.douban.com/subject/27062838/
A0000467,,https://movie.douban.com/subject/26923049/
A0000469,,https://movie.douban.com/subject/26816381/
A0000470,,https://movie.douban.com/subject/30263199/
A0000471,,https://movie.douban.com/subject/26774173/
A0000473,,https://movie.douban.com/subject/27036972/
A0000476,,https://movie.douban.com/subject/27198152/
A0000477,,https://movie.douban.com/subject/26759909/
A0000480,,https://movie.douban.com/subject/26857688/
A0000484,,https://movie.douban.com/subject/27002002/
A0000485,,https://movie.douban.com/subject/27194537/
